"Beer","Origin","Style","ABV","Ratings","rating","reviews","state","region"
"AleSmith Speedway Stout","CA, USA","Imperial Stout","12%","4.411 (92)",4.411,92,"CA","california"
"Goose Island Bourbon County Stout","IL, USA","Imperial Stout","14.50%","4.323 (73)",4.323,73,"IL","illinois"
"New Glarus Belgian Red","WI, USA","Fruit Beer","5.10%","4.251 (71)",4.251,71,"WI","wisconsin"
"Three Floyds Dreadnaught Imperial IPA","IN, USA","Imperial IPA","9.50%","4.240 (70)",4.24,70,"IN","indiana"
"Dogfish Head World Wide Stout","DE, USA","Imperial Stout","18%","4.238 (99)",4.238,99,"DE","delaware"
"Stone Double Bastard Ale","CA, USA","American Barleywine","11.20%","4.236 (83)",4.236,83,"CA","california"
"Founders Kentucky Breakfast Bourbon Aged Stout","MI, USA","Imperial Stout","10%","4.227 (35)",4.227,35,"MI","michigan"
"Bells Hopslam","MI, USA","Imperial IPA","10%","4.220 (58)",4.22,58,"MI","michigan"
"Stone Imperial Russian Stout","CA, USA","Imperial Stout","10.50%","4.217 (93)",4.217,93,"CA","california"
"AleSmith YuleSmith - Summer","CA, USA","Imperial IPA","9.50%","4.210 (46)",4.21,46,"CA","california"
"AleSmith Barrel Aged Speedway Stout","CA, USA","Imperial Stout","12%","4.196 (21)",4.196,21,"CA","california"
"Bells Expedition Stout","MI, USA","Imperial Stout","11.50%","4.191 (84)",4.191,84,"MI","michigan"
"Stone Ruination IPA","CA, USA","Imperial IPA","7.70%","4.181 (122)",4.181,122,"CA","california"
"Russian River Pliny the Younger","CA, USA","Imperial IPA","11%","4.180 (17)",4.18,17,"CA","california"
"Great Divide Oak Aged Yeti Imperial Stout","CO, USA","Imperial Stout","9.50%","4.175 (74)",4.175,74,"CO","colorado"
"Oskar Blues Ten FIDY","CO, USA","Imperial Stout","10%","4.173 (57)",4.173,57,"CO","colorado"
"Great Divide Maverick/Yeti Imperial Stout","CO, USA","Imperial Stout","9.50%","4.167 (69)",4.167,69,"CO","colorado"
"Russian River Temptation","CA, USA","Belgian Strong Ale","7.25%","4.161 (20)",4.161,20,"CA","california"
"Founders Breakfast Stout","MI, USA","Coffee Stout","8.30%","4.159 (62)",4.159,62,"MI","michigan"
"AleSmith Barrel Aged Old Numbskull","CA, USA","English Barleywine","10%","4.142 (21)",4.142,21,"CA","california"
"Pizza Port Cuvee de Tomme","CA, USA","Belgian Strong Ale","12%","4.139 (30)",4.139,30,"CA","california"
"Hair of the Dog Adam","OR, USA","Strong Ale","10%","4.135 (54)",4.135,54,"OR","oregon"
"Founders Imperial Stout","MI, USA","Imperial Stout","10.50%","4.135 (34)",4.135,34,"MI","michigan"
"Firestone Walker Abacus","CA, USA","American Barleywine","12%","4.133 (12)",4.133,12,"CA","california"
"AleSmith Old Numbskull","CA, USA","English Barleywine","11%","4.131 (42)",4.131,42,"CA","california"
"Bells Black Note Stout","MI, USA","Imperial Stout","10.50%","4.131 (10)",4.131,10,"MI","michigan"
"Stone India Pale Ale","CA, USA","IPA","6.90%","4.130 (138)",4.13,138,"CA","california"
"Great Divide Hercules Double IPA","CO, USA","Imperial IPA","9.10%","4.122 (86)",4.122,86,"CO","colorado"
"Thirsty Dog Siberian Night Imperial Stout","OH, USA","Imperial Stout","9%","4.113 (45)",4.113,45,"OH","ohio"
"Deschutes The Dissident","OR, USA","Wild Ale","11%","4.111 (25)",4.111,25,"OR","oregon"
"Bear Republic Big Bear Black Stout","CA, USA","Imperial Stout","8.10%","4.107 (59)",4.107,59,"CA","california"
"Stone 6th Anniversary Porter","CA, USA","Imperial Porter","8%","4.106 (14)",4.106,14,"CA","california"
"Victory Old Horizontal","PA, USA","American Barleywine","11%","4.100 (70)",4.1,70,"PA","pennsylvania"
"Port Brewing Older Viscosity","CA, USA","Strong Ale","12.50%","4.100 (22)",4.1,22,"CA","california"
"Ommegang Three Philosophers","NY, USA","Abbey Quadrupel","9.80%","4.099 (114)",4.099,114,"NY","new york"
"North Coast Old Rasputin XIV","CA, USA","Imperial Stout","11.50%","4.090 (7)",4.09,7,"CA","california"
"Russian River Supplication","CA, USA","Wild Ale","7%","4.086 (33)",4.086,33,"CA","california"
"Ballast Point Victory at Sea Coffee Vanilla Imperial Porter","CA, USA","Imperial Porter","10%","4.082 (19)",4.082,19,"CA","california"
"AleSmith IPA","CA, USA","IPA","7.25%","4.081 (49)",4.081,49,"CA","california"
"Russian River Pliny the Elder","CA, USA","Imperial IPA","8%","4.076 (50)",4.076,50,"CA","california"
"Surly Abrasive Ale","MN, USA","Imperial IPA","8.80%","4.075 (13)",4.075,13,"MN","minnesota"
"Rogue Chocolate Stout","OR, USA","Chocolate Stout","6.30%","4.070 (106)",4.07,106,"OR","oregon"
"AleSmith Wee Heavy Scotch Ale","CA, USA","Scottish Ale","10%","4.067 (43)",4.067,43,"CA","california"
"Smuttynose Baltic Porter","NH, USA","Baltic Porter","8.70%","4.064 (19)",4.064,19,"NH","new hampshire"
"Surly Darkness","MN, USA","Imperial Stout","9.80%","4.063 (22)",4.063,22,"MN","minnesota"
"Three Floyds Dark Lord Imperial Stout","IN, USA","Imperial Stout","13%","4.062 (36)",4.062,36,"IN","indiana"
"Firestone Walker Parabola","CA, USA","Imperial Stout","13%","4.062 (13)",4.062,13,"CA","california"
"Dogfish Head 90 Minute IPA","DE, USA","Imperial IPA","9%","4.060 (139)",4.06,139,"DE","delaware"
"New Glarus Serendipity","WI, USA","Wild Ale","-","4.060 (12)",4.06,12,"WI","wisconsin"
"Brooklyn Black Chocolate Stout","NY, USA","Imperial Stout","10.10%","4.056 (109)",4.056,109,"NY","new york"
"Founders Canadian Breakfast Stout","MI, USA","Imperial Stout","9.40%","4.055 (8)",4.055,8,"MI","michigan"
"Bells Kalamazoo Stout","MI, USA","Stout","6.50%","4.054 (81)",4.054,81,"MI","michigan"
"Bells Two Hearted Ale","MI, USA","IPA","7%","4.053 (90)",4.053,90,"MI","michigan"
"Smuttynose Imperial Stout","NH, USA","Imperial Stout","10%","4.051 (32)",4.051,32,"NH","new hampshire"
"Rogue Shakespeare Stout","OR, USA","Oatmeal Stout","6%","4.050 (116)",4.05,116,"OR","oregon"
"Williamsburg AleWerks Brewmasters Reserve Café Royale","VA, USA","Imperial Stout","8%","4.050 (5)",4.05,5,"VA","virginia"
"Bear Republic Hop Rod Rye","CA, USA","Rye Beer","7.50%","4.046 (70)",4.046,70,"CA","california"
"Goose Island Rare Bourbon County Stout","IL, USA","Imperial Stout","13%","4.044 (6)",4.044,6,"IL","illinois"
"Victory Storm King Stout","PA, USA","Imperial Stout","9.10%","4.043 (89)",4.043,89,"PA","pennsylvania"
"The Bruery Black Tuesday","CA, USA","Imperial Stout","19.50%","4.040 (7)",4.04,7,"CA","california"
"Southern Tier Imperial Choklat Stout","NY, USA","Imperial Stout","11%","4.039 (38)",4.039,38,"NY","new york"
"Deschutes The Abyss","OR, USA","Imperial Stout","11%","4.034 (29)",4.034,29,"OR","oregon"
"Three Floyds Alpha King Pale Ale","IN, USA","American Pale Ale","6.50%","4.031 (62)",4.031,62,"IN","indiana"
"Bells Third Coast Old Ale","MI, USA","English Barleywine","9%","4.025 (48)",4.025,48,"MI","michigan"
"Prairie Artisan Ales Bomb!","OK, USA","Imperial Stout","14%","4.025 (5)",4.025,5,"OK","oklahoma"
"Bear Republic Racer 5 India Pale Ale","CA, USA","IPA","7%","4.022 (67)",4.022,67,"CA","california"
"Stone Oaked Arrogant Bastard Ale","CA, USA","Strong Ale","7.20%","4.022 (56)",4.022,56,"CA","california"
"New Belgium Lips of Faith La Folie","CO, USA","Flanders Red","6%","4.022 (44)",4.022,44,"CO","colorado"
"Surly Furious","MN, USA","IPA","6.50%","4.022 (31)",4.022,31,"MN","minnesota"
"Deschutes The Abyss 2011 / 2012 Reserve","OR, USA","Imperial Stout","11%","4.022 (6)",4.022,6,"OR","oregon"
"Russian River Consecration","CA, USA","Wild Ale","10%","4.020 (22)",4.02,22,"CA","california"
"North Coast Old Rasputin Russian Imperial Stout","CA, USA","Imperial Stout","9%","4.019 (135)",4.019,135,"CA","california"
"Hoppin' Frog Boris The Crusher","OH, USA","Imperial Stout","9.40%","4.016 (35)",4.016,35,"OH","ohio"
"Hair of the Dog Fred","OR, USA","American Barleywine","10%","4.013 (49)",4.013,49,"OR","oregon"
"Brooklyn Black Ops","NY, USA","Imperial Stout","10.70%","4.010 (18)",4.01,18,"NY","new york"
"Central Waters Brewer's Reserve Bourbon Barrel Stout","WI, USA","Imperial Stout","9.50%","4.003 (26)",4.003,26,"WI","wisconsin"
"New Glarus Raspberry Tart","WI, USA","Fruit Beer","4%","4.002 (43)",4.002,43,"WI","wisconsin"
"Epic Big Bad Baptist Imperial Stout","UT, USA","Imperial Stout","11.70%","4.000 (8)",4,8,"UT","utah"
"Great Divide Chocolate Oak Aged Yeti","CO, USA","Imperial Stout","9.50%","3.996 (24)",3.996,24,"CO","colorado"
"Sierra Nevada Hoptimum","CA, USA","Imperial IPA","10.40%","3.996 (24)",3.996,24,"CA","california"
"Bells Batch 7000","MI, USA","Imperial Stout","12%","3.995 (19)",3.995,19,"MI","michigan"
"Nectar Ales Black Xantus","CA, USA","Imperial Stout","11%","3.993 (12)",3.993,12,"CA","california"
"Stone Old Guardian Barley Wine","CA, USA","American Barleywine","11.26%","3.991 (64)",3.991,64,"CA","california"
"Cigar City Hunahpu's Imperial Stout","FL, USA","Imperial Stout","11%","3.989 (6)",3.989,6,"FL","florida"
"Dogfish Head Immort Ale","DE, USA","American Barleywine","11%","3.988 (62)",3.988,62,"DE","delaware"
"Dogwood Youngbloods Imperial Porter","GA, USA","Imperial Porter","8%","3.988 (22)",3.988,22,"GA","georgia"
"He'Brew Bittersweet Lennys R.I.P.A.","CA, USA","Imperial IPA","10%","3.987 (45)",3.987,45,"CA","california"
"Sierra Nevada Bigfoot Ale","CA, USA","American Barleywine","9.60%","3.986 (122)",3.986,122,"CA","california"
"Stone 10th Anniversary IPA","CA, USA","Imperial IPA","10%","3.986 (25)",3.986,25,"CA","california"
"Sierra Nevada 30th Anniversary Fritz & Ken Ale","CA, USA","Imperial Stout","9.20%","3.985 (23)",3.985,23,"CA","california"
"Firestone Walker 14","CA, USA","Strong Ale","12.50%","3.985 (10)",3.985,10,"CA","california"
"Great Divide Espresso Oak Aged Yeti Imperial Stout","CO, USA","Imperial Stout","9.50%","3.981 (33)",3.981,33,"CO","colorado"
"AleSmith Yulesmith - Winter","CA, USA","Strong Ale","9.50%","3.981 (18)",3.981,18,"CA","california"
"Boulevard Imperial Stout","MO, USA","Imperial Stout","-","3.981 (13)",3.981,13,"MO","missouri"
"Firestone Walker Double Jack","CA, USA","Imperial IPA","9.50%","3.978 (21)",3.978,21,"CA","california"
"Hoppin' Frog DORIS The Destroyer Double Imperial Stout","OH, USA","Imperial Stout","10.50%","3.977 (10)",3.977,10,"OH","ohio"
"Stone Enjoy By IPA","CA, USA","Imperial IPA","9.40%","3.976 (18)",3.976,18,"CA","california"
"Stone Bourbon Barrel Russian Imperial Stout","CA, USA","Imperial Stout","10%","3.975 (5)",3.975,5,"CA","california"
"Great Lakes Edmund Fitzgerald Porter","OH, USA","Porter","5.80%","3.974 (78)",3.974,78,"OH","ohio"
"Great Divide Old Ruffian Barley Wine","CO, USA","American Barleywine","10.27%","3.974 (56)",3.974,56,"CO","colorado"
"New Belgium Lips of Faith Le Terroir","CO, USA","Wild Ale","7.50%","3.970 (7)",3.97,7,"CO","colorado"
"Pizza Port Frank Double IPA","CA, USA","Imperial IPA","9.50%","3.969 (13)",3.969,13,"CA","california"
"Alchemist Heady Topper","VT, USA","Imperial IPA","8%","3.969 (11)",3.969,11,"VT","vermont"
"Russian River Blind Pig IPA","CA, USA","IPA","6%","3.968 (25)",3.968,25,"CA","california"
"Ommegang Abbey Ale","NY, USA","Belgian Strong Ale","8.50%","3.965 (91)",3.965,91,"NY","new york"
"New Glarus Unplugged Iced Barley Wine","WI, USA","American Barleywine","13.50%","3.965 (15)",3.965,15,"WI","wisconsin"
"Foothills Sexual Chocolate Imperial Stout","NC, USA","Imperial Stout","10%","3.965 (14)",3.965,14,"NC","north carolina"
"Lost Abbey Red Poppy Ale","CA, USA","Flanders Red","5.50%","3.960 (12)",3.96,12,"CA","california"
"Avery Mephistopheles Stout","CO, USA","Imperial Stout","16%","3.956 (40)",3.956,40,"CO","colorado"
"Alpine Beer Company Exponential Hoppiness","CA, USA","Imperial IPA","10.75%","3.956 (15)",3.956,15,"CA","california"
"Deschutes Black Butte XXIV","OR, USA","Imperial Porter","10.80%","3.956 (6)",3.956,6,"OR","oregon"
"Alaskan Smoked Porter","AK, USA","Smoked Ale","6.20%","3.952 (61)",3.952,61,"AK","alaska"
"Port Brewing Hop 15","CA, USA","Imperial IPA","9.70%","3.952 (26)",3.952,26,"CA","california"
"Lagunitas Sucks Holiday Ale","CA, USA","Strong Ale","7.60%","3.952 (20)",3.952,20,"CA","california"
"Anchor Porter","CA, USA","Porter","5.60%","3.951 (111)",3.951,111,"CA","california"
"Three Floyds Alpha Klaus Christmas Porter","IN, USA","Porter","7.50%","3.951 (38)",3.951,38,"IN","indiana"
"Southern Tier Imperial Mokah","NY, USA","Imperial Stout","11%","3.950 (27)",3.95,27,"NY","new york"
"Goose Island Bourbon County Coffee Stout","IL, USA","Imperial Stout","13%","3.950 (7)",3.95,7,"IL","illinois"
"Three Floyds Behemoth Barleywine","IN, USA","American Barleywine","11.30%","3.947 (29)",3.947,29,"IN","indiana"
"Allagash Interlude","ME, USA","Saison","9.50%","3.946 (21)",3.946,21,"ME","maine"
"Avery The Maharaja Imperial IPA","CO, USA","Imperial IPA","9.90%","3.945 (50)",3.945,50,"CO","colorado"
"Stoudts Fat Dog Stout (Vintages 2004 and later)","PA, USA","Imperial Stout","9%","3.945 (39)",3.945,39,"PA","pennsylvania"
"Southern Tier Jah-va Imperial Coffee Stout","NY, USA","Imperial Stout","12%","3.943 (28)",3.943,28,"NY","new york"
"Sierra Nevada Narwhal Imperial Stout","CA, USA","Imperial Stout","10.20%","3.943 (18)",3.943,18,"CA","california"
"Town Hall Masala Mama IPA","MN, USA","IPA","6%","3.943 (11)",3.943,11,"MN","minnesota"
"Central Waters Brewer's Reserve Bourbon Barrel Barleywine","WI, USA","American Barleywine","-","3.943 (11)",3.943,11,"WI","wisconsin"
"Samuel Adams Utopias","MA, USA","English Barleywine","25%","3.942 (23)",3.942,23,"MA","massachusetts"
"Stone Arrogant Bastard Ale","CA, USA","Strong Ale","7.20%","3.941 (147)",3.941,147,"CA","california"
"Deschutes Black Butte XX","OR, USA","Imperial Porter","11%","3.941 (14)",3.941,14,"OR","oregon"
"Fish Tale Poseidons Imperial Stout","WA, USA","Imperial Stout","10%","3.940 (17)",3.94,17,"WA","washington"
"Iron Hill Russian Imperial Stout","DE, USA","Imperial Stout","9.50%","3.940 (13)",3.94,13,"DE","delaware"
"Great Divide Belgian Style Yeti","CO, USA","Imperial Stout","9.50%","3.940 (12)",3.94,12,"CO","colorado"
"AleSmith Grand Cru","CA, USA","Belgian Strong Ale","10.50%","3.938 (36)",3.938,36,"CA","california"
"Firestone Walker Wookey Jack Black IPA","CA, USA","American Black Ale","8.20%","3.938 (18)",3.938,18,"CA","california"
"Boulevard Saison Brett","MO, USA","Saison","8.50%","3.935 (17)",3.935,17,"MO","missouri"
"Great Lakes Blackout Stout","OH, USA","Imperial Stout","9%","3.933 (47)",3.933,47,"OH","ohio"
"Port Brewing Old Viscosity","CA, USA","Strong Ale","10.50%","3.932 (34)",3.932,34,"CA","california"
"Stone Sublimely Self-Righteous Ale","CA, USA","American Black Ale","8.70%","3.931 (48)",3.931,48,"CA","california"
"Cigar City Marshal Zhukovs Russian Imperial Stout","FL, USA","Imperial Stout","11%","3.931 (10)",3.931,10,"FL","florida"
"Samuel Adams Millennium","MA, USA","Strong Ale","20%","3.930 (8)",3.93,8,"MA","massachusetts"
"Kuhnhenn Raspberry Eisbock","MI, USA","Fruit Beer","18%","3.928 (16)",3.928,16,"MI","michigan"
"Lost Abbey Deliverance","CA, USA","Strong Ale","12.50%","3.927 (8)",3.927,8,"CA","california"
"Three Floyds Zombie Dust","IN, USA","American Pale Ale","6.20%","3.926 (16)",3.926,16,"IN","indiana"
"Stone 09.09.09 Vertical Epic Ale","CA, USA","Belgian Strong Ale","8.70%","3.925 (21)",3.925,21,"CA","california"
"Boulevard Bourbon Barrel Quad","MO, USA","Abbey Quadrupel","11.80%","3.925 (17)",3.925,17,"MO","missouri"
"Lost Abbey Serpents Stout","CA, USA","Imperial Stout","11%","3.923 (19)",3.923,19,"CA","california"
"Ballast Point Sculpin IPA","CA, USA","IPA","7%","3.921 (30)",3.921,30,"CA","california"
"Dogfish Head Palo Santo Marron","DE, USA","Strong Ale","12%","3.919 (52)",3.919,52,"DE","delaware"
"AleSmith Decadence 2006 (Imperial Evil Dead Red Ale)","CA, USA","Strong Ale","9.90%","3.919 (13)",3.919,13,"CA","california"
"Bear Republic Racer X","CA, USA","Imperial IPA","9%","3.919 (13)",3.919,13,"CA","california"
"Stone 12.12.12 Vertical Epic Ale","CA, USA","Belgian Strong Ale","9%","3.919 (13)",3.919,13,"CA","california"
"Rogue Hazelnut Brown Nectar","OR, USA","Brown Ale","6.22%","3.916 (106)",3.916,106,"OR","oregon"
"Hair of the Dog Doggie Claws","OR, USA","American Barleywine","11.50%","3.915 (30)",3.915,30,"OR","oregon"
"Fish Tale Leviathan Barleywine","WA, USA","American Barleywine","10%","3.912 (22)",3.912,22,"WA","washington"
"Dogfish Head Olde School Barleywine","DE, USA","American Barleywine","15%","3.910 (37)",3.91,37,"DE","delaware"
"Hair of the Dog Matt Commemorative Ale","OR, USA","Strong Ale","11.50%","3.910 (7)",3.91,7,"OR","oregon"
"Lagunitas Hop Stoopid Ale","CA, USA","Imperial IPA","8%","3.909 (44)",3.909,44,"CA","california"
"MacTarnahans Bourbon Cask Aged Blackwatch Cream Po","OR, USA","Porter","6%","3.909 (8)",3.909,8,"OR","oregon"
"Deschutes Black Butte XXI","OR, USA","Imperial Porter","11%","3.908 (10)",3.908,10,"OR","oregon"
"Central Waters Peruvian Morning Imperial Stout","WI, USA","Imperial Stout","8%","3.908 (10)",3.908,10,"WI","wisconsin"
"Fat Heads Head Hunter IPA","OH, USA","IPA","7.50%","3.907 (12)",3.907,12,"OH","ohio"
"Weyerbacher Double Simcoe IPA","PA, USA","Imperial IPA","9%","3.905 (40)",3.905,40,"PA","pennsylvania"
"Troutbrook Thomas Hooker Liberator","CT, USA","Doppelbock","8%","3.905 (16)",3.905,16,"CT","connecticut"
"Full Sail Top Sail Imperial Porter","OR, USA","Imperial Porter","7.50%","3.904 (20)",3.904,20,"OR","oregon"
"Ommegang Hennepin","NY, USA","Saison","7.50%","3.900 (103)",3.9,103,"NY","new york"
"Flying Dog Wild Dog Double Pale Ale","MD, USA","Strong Ale","11.50%","3.900 (54)",3.9,54,"MD","maryland"
"Hair of the Dog Fred from the Wood","OR, USA","English Barleywine","10%","3.900 (13)",3.9,13,"OR","oregon"
"Deschutes Conflux No. 1 - Collage","OR, USA","Strong Ale","11.50%","3.900 (7)",3.9,7,"OR","oregon"
"Midnight Sun Berserker Imperial Stout","AK, USA","Imperial Stout","10.40%","3.900 (7)",3.9,7,"AK","alaska"
"Lagunitas B3K","CA, USA","Strong Ale","11.30%","3.900 (6)",3.9,6,"CA","california"
"Hoppin' Frog Barrel Aged Naked Evil","OH, USA","English Barleywine","11.30%","3.900 (6)",3.9,6,"OH","ohio"
"Oggi's Hop Whompus","CA, USA","Imperial IPA","9%","3.900 (6)",3.9,6,"CA","california"
"New Glarus R & D Bourbon Barrel Kriek","WI, USA","Fruit Beer","5.50%","3.900 (5)",3.9,5,"WI","wisconsin"
"Avery Uncle Jacobs Stout","CO, USA","Imperial Stout","17.42%","3.900 (4)",3.9,4,"CO","colorado"
"Alpine Beer Company Pure Hoppiness","CA, USA","Imperial IPA","8%","3.896 (24)",3.896,24,"CA","california"
"Full Sail Bourbon Barrel Aged Black Gold Imperial Stout","OR, USA","Imperial Stout","10.50%","3.895 (18)",3.895,18,"OR","oregon"
"Deschutes Mirror Mirror Barleywine","OR, USA","American Barleywine","11%","3.894 (14)",3.894,14,"OR","oregon"
"Sierra Nevada 30th Anniversary Our Brewers Reserve - Grand Cru","CA, USA","Strong Ale","9.20%","3.892 (10)",3.892,10,"CA","california"
"AleSmith Barrel Aged Wee Heavy","CA, USA","Scottish Ale","10%","3.892 (10)",3.892,10,"CA","california"
"Goose Island Night Stalker","IL, USA","Imperial Stout","11.70%","3.892 (9)",3.892,9,"IL","illinois"
"North Coast Old Stock Cellar Reserve Bourbon Barrel","CA, USA","English Barleywine","14.60%","3.892 (9)",3.892,9,"CA","california"
"Anchor Our Special Ale 2004","CA, USA","Spiced Beer","5.50%","3.891 (32)",3.891,32,"CA","california"
"Drake's Barley Wine Brandy Barrel","CA, USA","English Barleywine","14.70%","3.890 (7)",3.89,7,"CA","california"
"North Coast Old Stock Cellar Reserve Brandy Barrel","CA, USA","English Barleywine","14.70%","3.890 (7)",3.89,7,"CA","california"
"Oskar Blues G'Knight","CO, USA","Strong Ale","8.70%","3.886 (47)",3.886,47,"CO","colorado"
"Southern Tier Imperial Crème Brûlée Stout","NY, USA","Imperial Stout","10%","3.885 (30)",3.885,30,"NY","new york"
"Lagunitas Little Sumpin Sumpin Ale","CA, USA","IPA","7.30%","3.882 (31)",3.882,31,"CA","california"
"Russian River Beatification (Batch 002)","CA, USA","Wild Ale","6%","3.882 (8)",3.882,8,"CA","california"
"Sierra Nevada Harvest Fresh Hop IPA - Southern Hemisphere Harvest®","CA, USA","IPA","6.70%","3.880 (54)",3.88,54,"CA","california"
"Southampton Abbot 12","NY, USA","Abbey Quadrupel","10%","3.880 (17)",3.88,17,"NY","new york"
"Flying Dog Gonzo Imperial Porter","MD, USA","Imperial Porter","9.50%","3.878 (79)",3.878,79,"MD","maryland"
"Southampton Imperial Russian Stout","NY, USA","Imperial Stout","9.50%","3.877 (10)",3.877,10,"NY","new york"
"Midnight Sun La Mâitresse du Moine","AK, USA","Belgian Strong Ale","9%","3.876 (14)",3.876,14,"AK","alaska"
"Schlafly Reserve Bourbon Barrel-Aged Imperial Stout","MO, USA","Imperial Stout","10.50%","3.876 (14)",3.876,14,"MO","missouri"
"Terrapin Wake-n-Bake Coffee Oatmeal Imperial Stout","GA, USA","Imperial Stout","8.60%","3.875 (37)",3.875,37,"GA","georgia"
"Deschutes Obsidian Stout","OR, USA","Stout","6.70%","3.874 (44)",3.874,44,"OR","oregon"
"Lost Abbey The Angels Share (Bourbon Barrel)","CA, USA","English Barleywine","12.50%","3.873 (12)",3.873,12,"CA","california"
"Old Dominion Oak Barrel Stout","DE, USA","Stout","5.20%","3.871 (42)",3.871,42,"DE","delaware"
"Great Divide Fresh Hop Pale Ale","CO, USA","American Pale Ale","6.10%","3.871 (38)",3.871,38,"CO","colorado"
"The Duck-Rabbit Baltic Porter","NC, USA","Baltic Porter","9%","3.871 (14)",3.871,14,"NC","north carolina"
"Firestone Walker 16","CA, USA","Strong Ale","13%","3.871 (4)",3.871,4,"CA","california"
"Lost Abbey Isabelle Proximus","CA, USA","Wild Ale","7%","3.870 (7)",3.87,7,"CA","california"
"Stone Smoked Porter","CA, USA","Smoked Ale","5.90%","3.869 (94)",3.869,94,"CA","california"
"New Belgium Abbey Grand Cru","CO, USA","Abbey Dubbel","9.40%","3.868 (19)",3.868,19,"CO","colorado"
"Rogue Imperial Stout","OR, USA","Imperial Stout","10.50%","3.867 (47)",3.867,47,"OR","oregon"
"Victory DirtWolf","PA, USA","Imperial IPA","8.70%","3.867 (12)",3.867,12,"PA","pennsylvania"
"Goose Island Bourbon County Vanilla Stout","IL, USA","Imperial Stout","13%","3.867 (6)",3.867,6,"IL","illinois"
"Great Lakes Barrel Aged Blackout Stout","OH, USA","Imperial Stout","9%","3.865 (17)",3.865,17,"OH","ohio"
"Stone Smoked Porter (Vanilla Beans)","CA, USA","Porter","5.90%","3.864 (11)",3.864,11,"CA","california"
"Green Flash Double Stout","CA, USA","Imperial Stout","8.80%","3.863 (27)",3.863,27,"CA","california"
"Oggi's Witch Doctor","CA, USA","Imperial Stout","9.20%","3.860 (7)",3.86,7,"CA","california"
"Jolly Pumpkin Oro de Calabaza","MI, USA","Biere de Garde","8%","3.859 (41)",3.859,41,"MI","michigan"
"Hoppin' Frog Barrel Aged BORIS The Crusher","OH, USA","Imperial Stout","9.40%","3.859 (14)",3.859,14,"OH","ohio"
"Marin Eldridge Grade White Knuckle Double IPA","CA, USA","Imperial IPA","8%","3.858 (16)",3.858,16,"CA","california"
"Founders Porter","MI, USA","Porter","6.50%","3.857 (32)",3.857,32,"MI","michigan"
"Stone Sawyer's Triple","CA, USA","Abbey Tripel","7.60%","3.857 (11)",3.857,11,"CA","california"
"Sierra Nevada Barrel Aged Narwhal","CA, USA","Imperial Stout","12.90%","3.857 (4)",3.857,4,"CA","california"
"Uinta Crooked Line Sea Legs Baltic Porter","UT, USA","Baltic Porter","8%","3.856 (6)",3.856,6,"UT","utah"
"The Brew Kettle White Rajah","OH, USA","IPA","7%","3.855 (8)",3.855,8,"OH","ohio"
"Terrapin Big Hoppy Monster","GA, USA","Imperial IPA","8.30%","3.854 (34)",3.854,34,"GA","georgia"
"Allagash Curieux","ME, USA","Belgian Strong Ale","9.80%","3.853 (32)",3.853,32,"ME","maine"
"Pizza Port Mo Betta Bretta","CA, USA","Belgian Ale","6.30%","3.853 (12)",3.853,12,"CA","california"
"Stone 06.06.06 Vertical Epic Ale","CA, USA","Abbey Dubbel","8.66%","3.852 (24)",3.852,24,"CA","california"
"Heavyweight Perkunos Hammer","NJ, USA","Baltic Porter","8.30%","3.852 (20)",3.852,20,"NJ","new jersey"
"Arcadia London Porter","MI, USA","Smoked Ale","7.20%","3.850 (19)",3.85,19,"MI","michigan"
"Ale Asylum Mercy Belgian Grand Cru","WI, USA","Belgian Strong Ale","9.50%","3.850 (9)",3.85,9,"WI","wisconsin"
"AleSmith The Shit Speedway Stout","CA, USA","Imperial Stout","12%","3.850 (3)",3.85,3,"CA","california"
"North Coast Old Rasputin XV","CA, USA","Imperial Stout","11.90%","3.850 (3)",3.85,3,"CA","california"
"Smuttynose Robust Porter","NH, USA","Porter","5.70%","3.846 (43)",3.846,43,"NH","new hampshire"
"Pizza Port SPF 8 Farmhouse Ale","CA, USA","Saison","8.75%","3.846 (10)",3.846,10,"CA","california"
"Dogfish Head Burton Baton","DE, USA","Imperial IPA","10%","3.845 (49)",3.845,49,"DE","delaware"
"Goose Island Lolita","IL, USA","Wild Ale","7%","3.845 (8)",3.845,8,"IL","illinois"
"Midnight Sun Arctic Devil Barley Wine","AK, USA","English Barleywine","11.50%","3.845 (8)",3.845,8,"AK","alaska"
"Bells Special Double Cream Stout","MI, USA","Stout","6.10%","3.844 (61)",3.844,61,"MI","michigan"
"Founders Reds Rye","MI, USA","Rye Beer","6.60%","3.844 (43)",3.844,43,"MI","michigan"
"Goose Island Sofie","IL, USA","Saison","6.50%","3.844 (24)",3.844,24,"IL","illinois"
"Bells Batch 6000","MI, USA","American Barleywine","10.50%","3.844 (15)",3.844,15,"MI","michigan"
"Port Brewing Santas Little Helper","CA, USA","Imperial Stout","10.50%","3.842 (30)",3.842,30,"CA","california"
"Ramstein Winter Wheat","NJ, USA","Weizenbock","9.50%","3.842 (16)",3.842,16,"NJ","new jersey"
"North Coast Old Stock Ale","CA, USA","English Barleywine","13.25%","3.841 (70)",3.841,70,"CA","california"
"Full Sail Old Boardhead Barleywine","OR, USA","American Barleywine","9%","3.841 (34)",3.841,34,"OR","oregon"
"Russian River Toronado 20th Anniversary","CA, USA","Belgian Strong Ale","10.40%","3.840 (7)",3.84,7,"CA","california"
"Pelican Mother of all Storms","OR, USA","English Barleywine","13.50%","3.840 (7)",3.84,7,"OR","oregon"
"Dark Horse Plead the 5th","MI, USA","Imperial Stout","12%","3.839 (15)",3.839,15,"MI","michigan"
"Sierra Nevada Estate Homegrown Ale","CA, USA","IPA","6.70%","3.838 (13)",3.838,13,"CA","california"
"He'Brew Genesis 15:15","CA, USA","American Barleywine","13.40%","3.838 (5)",3.838,5,"CA","california"
"Odell Friek","CO, USA","Flanders Red","5.50%","3.838 (5)",3.838,5,"CO","colorado"
"Pisgah Valdez Coffee Stout","NC, USA","Coffee Stout","6.80%","3.837 (5)",3.837,5,"NC","north carolina"
"Weyerbacher Heresy","PA, USA","Imperial Stout","8.20%","3.836 (33)",3.836,33,"PA","pennsylvania"
"Stone 12th Anniversary Bitter Chocolate Oatmeal Stout","CA, USA","Imperial Stout","9.20%","3.836 (25)",3.836,25,"CA","california"
"Hoppin' Frog Mean Manalishi","OH, USA","Imperial IPA","8.20%","3.836 (19)",3.836,19,"OH","ohio"
"Free State Old Backus Barleywine","KS, USA","American Barleywine","10.50%","3.836 (11)",3.836,11,"KS","kansas"
"Rogue Double Chocolate Stout","OR, USA","Imperial Stout","8%","3.836 (11)",3.836,11,"OR","oregon"
"Uinta Crooked Line Labyrinth Black Ale","UT, USA","Imperial Porter","13.20%","3.836 (8)",3.836,8,"UT","utah"
"Schlafly Imperial Stout","MO, USA","Imperial Stout","8.90%","3.836 (8)",3.836,8,"MO","missouri"
"Anderson Valley Barney Flats Oatmeal Stout","CA, USA","Oatmeal Stout","5.70%","3.835 (77)",3.835,77,"CA","california"
"Oskar Blues Deviant Dales","CO, USA","Imperial IPA","8%","3.835 (17)",3.835,17,"CO","colorado"
"Great Divide Titan IPA","CO, USA","IPA","6.80%","3.834 (62)",3.834,62,"CO","colorado"
"Russian River Salvation","CA, USA","Belgian Strong Ale","9%","3.833 (27)",3.833,27,"CA","california"
"New Glarus Dancing Man Wheat","WI, USA","Hefeweizen","7.20%","3.833 (15)",3.833,15,"WI","wisconsin"
"Green Flash Palate Wrecker Double IPA","CA, USA","Imperial IPA","9.20%","3.833 (15)",3.833,15,"CA","california"
"Dogfish Head Raison D'Extra","DE, USA","American Barleywine","18%","3.832 (31)",3.832,31,"DE","delaware"
"Russian River Sanctification","CA, USA","Belgian Ale","6.25%","3.832 (16)",3.832,16,"CA","california"
"Southern Tier Warlock","NY, USA","Imperial Stout","8.60%","3.831 (13)",3.831,13,"NY","new york"
"Stone 02.02.02 Vertical Epic Ale","CA, USA","Belgian Strong Ale","7.50%","3.831 (10)",3.831,10,"CA","california"
"Southern Tier Un*Earthly Imperial IPA","NY, USA","Imperial IPA","11%","3.830 (42)",3.83,42,"NY","new york"
"Founders Black Rye","MI, USA","Rye Beer","7.50%","3.830 (17)",3.83,17,"MI","michigan"
"Goose Island Imperial IPA","IL, USA","Imperial IPA","9%","3.830 (17)",3.83,17,"IL","illinois"
"Iron Hill Kriek de Hill","DE, USA","Fruit Lambic","5.20%","3.830 (7)",3.83,7,"DE","delaware"
"OFallon Smoked Porter","MO, USA","Smoked Ale","6%","3.829 (32)",3.829,32,"MO","missouri"
"Cigar City Humidor Series Cedar Aged Jai Alai IPA","FL, USA","IPA","7.50%","3.829 (11)",3.829,11,"FL","florida"
"FiftyFifty Imperial Eclipse Stout","CA, USA","Imperial Stout","9.50%","3.829 (4)",3.829,4,"CA","california"
"COOP Territorial Reserve Oak Aged Imperial Stout","OK, USA","Imperial Stout","9%","3.829 (4)",3.829,4,"OK","oklahoma"
"AleSmith Horny Devil","CA, USA","Belgian Strong Ale","11%","3.827 (42)",3.827,42,"CA","california"
"Boulevard Two Jokers Double Wit","MO, USA","Witbier","8%","3.827 (8)",3.827,8,"MO","missouri"
"Full Sail Imperial Porter Bourbon Barrel Aged","OR, USA","Imperial Porter","7.20%","3.827 (8)",3.827,8,"OR","oregon"
"Dogfish Head Raison D'Etre","DE, USA","Belgian Strong Ale","8%","3.826 (95)",3.826,95,"DE","delaware"
"Yazoo Sue","TN, USA","Smoked Ale","9%","3.826 (16)",3.826,16,"TN","tennessee"
"Lagunitas Olde Gnarly Wine","CA, USA","American Barleywine","11%","3.825 (37)",3.825,37,"CA","california"
"Portsmouth Kate the Great Russian Imperial Stout","NH, USA","Imperial Stout","9.50%","3.825 (5)",3.825,5,"NH","new hampshire"
"Green Flash Road Warrior","CA, USA","Imperial IPA","9%","3.825 (5)",3.825,5,"CA","california"
"Pelican India Pelican Ale","OR, USA","IPA","7.50%","3.824 (18)",3.824,18,"OR","oregon"
"Anchor Old Foghorn Ale","CA, USA","American Barleywine","10%","3.823 (74)",3.823,74,"CA","california"
"Boulevard Double Wide IPA","MO, USA","Imperial IPA","8.50%","3.822 (34)",3.822,34,"MO","missouri"
"Stone 5th Anniversary IPA","CA, USA","Imperial IPA","8.50%","3.822 (15)",3.822,15,"CA","california"
"Stone 7th Anniversary Ale","CA, USA","American Pale Ale","7.70%","3.821 (16)",3.821,16,"CA","california"
"Alpine Beer Company Duet","CA, USA","IPA","7%","3.821 (11)",3.821,11,"CA","california"
"Left Hand 10th Anniversary Oak Aged Imperial Stout","CO, USA","Imperial Stout","10%","3.821 (11)",3.821,11,"CO","colorado"
"Southampton Saison","NY, USA","Saison","6.50%","3.820 (12)",3.82,12,"NY","new york"
"Brooklyn Local 1","NY, USA","Belgian Strong Ale","9%","3.819 (40)",3.819,40,"NY","new york"
"Southern Tier Oat (Imperial Oatmeal Stout)","NY, USA","Imperial Stout","12.50%","3.819 (23)",3.819,23,"NY","new york"
"Heavy Seas Big DIPA","MD, USA","Imperial IPA","10.60%","3.818 (8)",3.818,8,"MD","maryland"
"Deschutes Fresh Squeezed IPA","OR, USA","IPA","6%","3.818 (8)",3.818,8,"OR","oregon"
"Smuttynose Finestkind IPA","NH, USA","IPA","6.90%","3.817 (51)",3.817,51,"NH","new hampshire"
"Widmer Brothers Nelson Imperial IPA","OR, USA","Imperial IPA","8.60%","3.817 (15)",3.817,15,"OR","oregon"
"Founders Blushing Monk","MI, USA","Fruit Beer","12.30%","3.817 (9)",3.817,9,"MI","michigan"
"The Bruery Oude Tart","CA, USA","Flanders Red","7.50%","3.817 (9)",3.817,9,"CA","california"
"The Bruery White Chocolate","CA, USA","Strong Ale","14%","3.817 (3)",3.817,3,"CA","california"
"Bear Republic Red Rocket Ale","CA, USA","Strong Ale","6.80%","3.816 (54)",3.816,54,"CA","california"
"Cigar City Big Sound Scotch Ale","FL, USA","Scottish Ale","8.50%","3.815 (10)",3.815,10,"FL","florida"
"Widmer Brothers Raspberry Russian Imperial Stout '12","OR, USA","Imperial Stout","9.30%","3.814 (4)",3.814,4,"OR","oregon"
"Stone RuinTen IPA","CA, USA","Imperial IPA","10.80%","3.813 (13)",3.813,13,"CA","california"
"Ken Schmidt / Maui / Stone Kona Coffee Macadamia Coconut Porter","CA, USA","Imperial Porter","8.50%","3.813 (5)",3.813,5,"CA","california"
"Uinta Dubhe Imperial Black IPA","UT, USA","American Black Ale","9.20%","3.810 (18)",3.81,18,"UT","utah"
"Stone Espresso Imperial Russian Stout","CA, USA","Imperial Stout","11%","3.810 (7)",3.81,7,"CA","california"
"Anchor Our Special Ale 2006","CA, USA","Spiced Beer","5.50%","3.809 (20)",3.809,20,"CA","california"
"Squatters Outer Darkness","UT, USA","Imperial Stout","10.50%","3.809 (8)",3.809,8,"UT","utah"
"Half Acre Daisy Cutter Pale Ale","IL, USA","American Pale Ale","5.20%","3.809 (8)",3.809,8,"IL","illinois"
"Ballast Point Grapefruit Sculpin","CA, USA","IPA","7%","3.809 (8)",3.809,8,"CA","california"
"Allagash Tripel Reserve","ME, USA","Abbey Tripel","9%","3.808 (49)",3.808,49,"ME","maine"
"Weyerbacher Insanity","PA, USA","English Barleywine","11%","3.808 (35)",3.808,35,"PA","pennsylvania"
"Founders Backwoods Bastard","MI, USA","Scottish Ale","10.20%","3.808 (23)",3.808,23,"MI","michigan"
"Central Waters Kosmyk Charlie's Y2K Catastrophe Ale","WI, USA","American Barleywine","10%","3.808 (10)",3.808,10,"WI","wisconsin"
"Deschutes Black Butte XXIII","OR, USA","Imperial Porter","11%","3.808 (9)",3.808,9,"OR","oregon"
"Surly Coffee Bender","MN, USA","Brown Ale","5.50%","3.807 (13)",3.807,13,"MN","minnesota"
"Troegs Nugget Nectar Ale","PA, USA","IPA","7.50%","3.805 (35)",3.805,35,"PA","pennsylvania"
"Tyranena Hop Whore Imperial India Pale Ale","WI, USA","Imperial IPA","-","3.805 (19)",3.805,19,"WI","wisconsin"
"Hair of the Dog Blue Dot Imperial IPA","OR, USA","Imperial IPA","7%","3.804 (25)",3.804,25,"OR","oregon"
"New Glarus Apple Ale","WI, USA","Fruit Beer","3.80%","3.804 (25)",3.804,25,"WI","wisconsin"
"Bells Java Stout","MI, USA","Coffee Stout","7.50%","3.802 (46)",3.802,46,"MI","michigan"
"Great Divide Hibernation Ale","CO, USA","Strong Ale","8.10%","3.802 (42)",3.802,42,"CO","colorado"
"Founders Double Trouble Imperial IPA","MI, USA","Imperial IPA","9.40%","3.800 (27)",3.8,27,"MI","michigan"
"New Glarus Unplugged Enigma","WI, USA","Wild Ale","7%","3.800 (23)",3.8,23,"WI","wisconsin"
"New Glarus Road Slush Stout","WI, USA","Oatmeal Stout","5.20%","3.800 (21)",3.8,21,"WI","wisconsin"
"Deschutes Bond Street Hop Henge Experimental IPA","OR, USA","Imperial IPA","8.75%","3.800 (11)",3.8,11,"OR","oregon"
"Bells Porter","MI, USA","Porter","6%","3.787 (50)",3.787,50,"MI","michigan"
"Great Divide 15th Anniversary Wood Aged Double IPA","CO, USA","Imperial IPA","10%","3.787 (12)",3.787,12,"CO","colorado"
"Odell Myrcenary Double IPA","CO, USA","Imperial IPA","9.30%","3.786 (11)",3.786,11,"CO","colorado"
"Deschutes Jubel 2010","OR, USA","Strong Ale","10%","3.786 (11)",3.786,11,"OR","oregon"
"Surly Wet","MN, USA","IPA","7.50%","3.786 (4)",3.786,4,"MN","minnesota"
"Sly Fox Prometheus","PA, USA","Smoked Ale","8.30%","3.786 (4)",3.786,4,"PA","pennsylvania"
"Samuel Adams Imperial Series Wee Heavy","MA, USA","Scottish Ale","10%","3.785 (10)",3.785,10,"MA","massachusetts"
"Clown Shoes Hoppy Feet","MA, USA","American Black Ale","7%","3.785 (10)",3.785,10,"MA","massachusetts"
"Lagunitas Hairy Eyeball Ale","CA, USA","English Strong Ale","9%","3.783 (43)",3.783,43,"CA","california"
"Lagunitas Little Sumpin Extra Ale","CA, USA","Imperial IPA","8.74%","3.783 (15)",3.783,15,"CA","california"
"Hair of the Dog Cherry Adam from the Wood","OR, USA","Strong Ale","10%","3.783 (9)",3.783,9,"OR","oregon"
"Three Floyds Oak Aged Dark Lord","IN, USA","Imperial Stout","14%","3.783 (3)",3.783,3,"IN","indiana"
"Prairie Artisan Ales Pirate Bomb","OK, USA","Imperial Stout","14%","3.783 (3)",3.783,3,"OK","oklahoma"
"Rogue Saint Rogue Red Ale","OR, USA","Amber Ale","5.20%","3.782 (54)",3.782,54,"OR","oregon"
"New Belgium Ranger IPA","CO, USA","IPA","7%","3.782 (34)",3.782,34,"CO","colorado"
"Magic Hat Thumbsucker","VT, USA","Imperial Stout","7.80%","3.782 (8)",3.782,8,"VT","vermont"
"Green Flash Green Bullet","CA, USA","Imperial IPA","10.10%","3.782 (8)",3.782,8,"CA","california"
"New Belgium Abbey Belgian Style Ale","CO, USA","Abbey Dubbel","7%","3.781 (51)",3.781,51,"CO","colorado"
"Southampton Imperial Porter","NY, USA","Baltic Porter","7.20%","3.781 (28)",3.781,28,"NY","new york"
"Lagunitas Kill Ugly Radio","CA, USA","IPA","7.80%","3.781 (23)",3.781,23,"CA","california"
"Clown Shoes Vampire Slayer","MA, USA","Imperial Stout","11%","3.780 (12)",3.78,12,"MA","massachusetts"
"Boulevard Bully! Porter","MO, USA","Porter","5.20%","3.779 (53)",3.779,53,"MO","missouri"
"Victory Moonglow","PA, USA","Weizenbock","8.70%","3.779 (31)",3.779,31,"PA","pennsylvania"
"Clown Shoes Blaecorn Unidragon","MA, USA","Imperial Stout","12.50%","3.779 (11)",3.779,11,"MA","massachusetts"
"Green Flash Imperial IPA","CA, USA","Imperial IPA","9.40%","3.778 (30)",3.778,30,"CA","california"
"Port Brewing Wipeout IPA","CA, USA","IPA","7%","3.778 (29)",3.778,29,"CA","california"
"Laughing Dog Sneaky Pete Imperial IPA","ID, USA","Imperial IPA","10%","3.778 (15)",3.778,15,"ID","idaho"
"Lost Abbey Lost and Found","CA, USA","Abbey Dubbel","8%","3.778 (15)",3.778,15,"CA","california"
"Founders Centennial IPA","MI, USA","IPA","7.20%","3.775 (41)",3.775,41,"MI","michigan"
"North Coast Old Rasputin XII","CA, USA","Imperial Stout","11.20%","3.775 (9)",3.775,9,"CA","california"
"Stone 17th Anniversary Götterdämmerung IPA","CA, USA","Imperial IPA","9.50%","3.775 (9)",3.775,9,"CA","california"
"AleSmith Decadence 2009","CA, USA","Weizenbock","9%","3.775 (5)",3.775,5,"CA","california"
"5 Seasons Delerium Dubbel","GA, USA","Abbey Dubbel","5.90%","3.775 (5)",3.775,5,"GA","georgia"
"Great Divide Oatmeal Yeti Imperial Stout","CO, USA","Imperial Stout","9.50%","3.775 (5)",3.775,5,"CO","colorado"
"Victory Hop Wallop","PA, USA","Imperial IPA","8.50%","3.773 (65)",3.773,65,"PA","pennsylvania"
"Firestone Walker 13","CA, USA","Strong Ale","11%","3.773 (8)",3.773,8,"CA","california"
"Tuppers Hop Pocket Ale","VA, USA","American Pale Ale","5%","3.772 (38)",3.772,38,"VA","virginia"
"Brooklyner-Schneider Hopfen-Weisse","NY, USA","Weizenbock","7.80%","3.771 (14)",3.771,14,"NY","new york"
"Stone Lukcy Basartd Ale","CA, USA","Strong Ale","8.50%","3.771 (14)",3.771,14,"CA","california"
"Ninkasi Oatis Oatmeal Stout","OR, USA","Oatmeal Stout","7.20%","3.771 (11)",3.771,11,"OR","oregon"
"New Glarus Unplugged Cran-bic","WI, USA","Fruit Lambic","6%","3.771 (11)",3.771,11,"WI","wisconsin"
"Stoudts Barrel Aged Fat Dog Stout","PA, USA","Imperial Stout","9%","3.771 (4)",3.771,4,"PA","pennsylvania"
"Kuhnhenn Fourth Dementia Old Ale","MI, USA","Old Ale","11%","3.770 (17)",3.77,17,"MI","michigan"
"Heavy Seas Siren Noire 2013","MD, USA","Imperial Stout","9.50%","3.770 (7)",3.77,7,"MD","maryland"
"The Bruery Cuir","CA, USA","Old Ale","14.50%","3.770 (7)",3.77,7,"CA","california"
"Pizza Port SPF 45 Saison","CA, USA","Saison","7%","3.769 (10)",3.769,10,"CA","california"
"Dogfish Head 60 Minute IPA","DE, USA","IPA","6%","3.768 (128)",3.768,128,"DE","delaware"
"Jolly Pumpkin / Nøgne Ø / Stone Special Holiday Ale","CA, USA","Spiced Beer","9%","3.767 (18)",3.767,18,"CA","california"
"Schlafly Reserve Oak-Aged Barleywine","MO, USA","English Barleywine","10.20%","3.767 (15)",3.767,15,"MO","missouri"
"21st Amendment Hop Crisis","CA, USA","Imperial IPA","11.80%","3.767 (9)",3.767,9,"CA","california"
"Avery Rumpkin","CO, USA","Spiced Beer","13.20%","3.767 (6)",3.767,6,"CO","colorado"
"Triumph Roggenbock","NJ, USA","Bock","7%","3.767 (3)",3.767,3,"NJ","new jersey"
"Victory Golden Monkey","PA, USA","Abbey Tripel","9.50%","3.765 (82)",3.765,82,"PA","pennsylvania"
"Rogue Morimoto Imperial Pilsner","OR, USA","Imperial Pilsener","8.80%","3.765 (43)",3.765,43,"OR","oregon"
"Allagash Black","ME, USA","Foreign / Extra Stout","7.50%","3.765 (23)",3.765,23,"ME","maine"
"Anchor Our Special Ale 2008","CA, USA","Spiced Beer","5.50%","3.765 (18)",3.765,18,"CA","california"
"Dark Horse Special Reserve Black Bier","MI, USA","Stout","7.50%","3.764 (22)",3.764,22,"MI","michigan"
"Russian River Redemption","CA, USA","Belgian Ale","4.60%","3.764 (19)",3.764,19,"CA","california"
"Buckeye Seventy-Six","OH, USA","Imperial IPA","7.90%","3.764 (11)",3.764,11,"OH","ohio"
"New Belgium Lips of Faith Super India Pale Ale","CO, USA","Imperial IPA","9%","3.764 (8)",3.764,8,"CO","colorado"
"Boulevard Dark Truth Stout","MO, USA","Imperial Stout","9.70%","3.763 (17)",3.763,17,"MO","missouri"
"Southampton Cuvee des Fleurs","NY, USA","Saison","7.70%","3.763 (13)",3.763,13,"NY","new york"
"Ken Schmidt / Iron Fist / Stone Mint Chocolate Imperial Stout","CA, USA","Imperial Stout","9.60%","3.763 (5)",3.763,5,"CA","california"
"Bells Batch 8000","MI, USA","Witbier","9%","3.762 (19)",3.762,19,"MI","michigan"
"He'Brew Jewbelation Eleven","CA, USA","Strong Ale","11%","3.762 (18)",3.762,18,"CA","california"
"Arcadia Imperial Stout","MI, USA","Imperial Stout","8.40%","3.762 (18)",3.762,18,"MI","michigan"
"Ale Asylum Hopalicious","WI, USA","American Pale Ale","5.80%","3.762 (13)",3.762,13,"WI","wisconsin"
"Jekyll Brewing Hop Dang Diggity","GA, USA","IPA","6.70%","3.762 (5)",3.762,5,"GA","georgia"
"Great Lakes Eliot Ness Amber Lager","OH, USA","Vienna / Amber Lager","6.20%","3.761 (43)",3.761,43,"OH","ohio"
"Southampton Grand Cru Strong Ale","NY, USA","Belgian Strong Ale","9.50%","3.761 (20)",3.761,20,"NY","new york"
"Ommegang Brasserie D'Achouffe Gnomegang","NY, USA","Belgian Ale","9.50%","3.761 (15)",3.761,15,"NY","new york"
"Three Floyds Gumballhead","IN, USA","American Wheat","4.80%","3.760 (44)",3.76,44,"IN","indiana"
"Southern Tier Pumking","NY, USA","Spiced Beer","9%","3.760 (40)",3.76,40,"NY","new york"
"Oskar Blues Gubna","CO, USA","Imperial IPA","10%","3.760 (22)",3.76,22,"CO","colorado"
"Odell India Pale Ale","CO, USA","IPA","7%","3.759 (19)",3.759,19,"CO","colorado"
"Victory Hop Devil","PA, USA","IPA","6.70%","3.758 (98)",3.758,98,"PA","pennsylvania"
"Sixpoint Resin","NY, USA","Imperial IPA","9.10%","3.758 (16)",3.758,16,"NY","new york"
"Central Waters Brewhouse Coffee Stout","WI, USA","Coffee Stout","-","3.758 (9)",3.758,9,"WI","wisconsin"
"Sierra Nevada 30th Anniversary Jack & Ken's Ale","CA, USA","American Barleywine","10.20%","3.757 (18)",3.757,18,"CA","california"
"Tyranena Dirty Old Man","WI, USA","Imperial Porter","7.90%","3.757 (18)",3.757,18,"WI","wisconsin"
"The Bruery Melange #3","CA, USA","Strong Ale","15.50%","3.757 (4)",3.757,4,"CA","california"
"Hoppin' Frog Hop Masters Abbey Belgian-Style Double IPA","OH, USA","Imperial IPA","8.50%","3.757 (4)",3.757,4,"OH","ohio"
"Oskar Blues Dales Pale Ale","CO, USA","American Pale Ale","6.50%","3.756 (70)",3.756,70,"CO","colorado"
"Green Flash West Coast IPA","CA, USA","IPA","7.30%","3.756 (52)",3.756,52,"CA","california"
"Lost Coast Indica India Pale Ale","CA, USA","IPA","6.50%","3.756 (47)",3.756,47,"CA","california"
"Deschutes Jubelale","OR, USA","English Strong Ale","6.70%","3.756 (37)",3.756,37,"OR","oregon"
"Anchor Our Special Ale 2007","CA, USA","Spiced Beer","5.50%","3.756 (22)",3.756,22,"CA","california"
"Avery Ale to the Chief","CO, USA","American Pale Ale","8.75%","3.756 (22)",3.756,22,"CO","colorado"
"Stone 16th Anniversary IPA","CA, USA","Imperial IPA","10%","3.756 (13)",3.756,13,"CA","california"
"Marshall Big Jamoke Porter","OK, USA","Porter","6.80%","3.756 (7)",3.756,7,"OK","oklahoma"
"Bells Bourbon Barrel Aged Cherry Stout","MI, USA","Fruit Stout","-","3.756 (6)",3.756,6,"MI","michigan"
"Siletz Wooly Bully","OR, USA","Kellerbier","-","3.755 (8)",3.755,8,"OR","oregon"
"Lagunitas NightTime IPA","CA, USA","American Black Ale","8.20%","3.755 (8)",3.755,8,"CA","california"
"Allagash Confluence Ale","ME, USA","Belgian Strong Ale","7.40%","3.754 (10)",3.754,10,"ME","maine"
"Alpine Beer Company Nelson IPA","CA, USA","IPA","7.10%","3.754 (10)",3.754,10,"CA","california"
"Samuel Adams Imperial Pilsner","MA, USA","Imperial Pilsener","8.80%","3.753 (42)",3.753,42,"MA","massachusetts"
"Anchor Our Special Ale 2005","CA, USA","Spiced Beer","5.50%","3.753 (27)",3.753,27,"CA","california"
"Ommegang BPA Belgian-style Pale Ale","NY, USA","Belgian Ale","6.20%","3.753 (16)",3.753,16,"NY","new york"
"Dogwood Excellent Adventure","GA, USA","American Barleywine","10%","3.753 (14)",3.753,14,"GA","georgia"
"21st Amendment 21A-IPA (US-IPA)","CA, USA","IPA","6.70%","3.753 (12)",3.753,12,"CA","california"
"Ballast Point Dorado Double IPA","CA, USA","Imperial IPA","8.30%","3.752 (22)",3.752,22,"CA","california"
"Weyerbacher Imperial Pumpkin Ale","PA, USA","Spiced Beer","8%","3.750 (31)",3.75,31,"PA","pennsylvania"
"Boulevard Tank 7 Farmhouse Ale","MO, USA","Saison","8%","3.750 (21)",3.75,21,"MO","missouri"
"Port Brewing High Tide Fresh Hop IPA","CA, USA","IPA","6.50%","3.750 (19)",3.75,19,"CA","california"
"New Glarus Unplugged Cherry Stout","WI, USA","Fruit Stout","6.50%","3.750 (19)",3.75,19,"WI","wisconsin"
"Samuel Adams New World Tripel (Barrel Room Collection)","MA, USA","Abbey Tripel","10%","3.750 (13)",3.75,13,"MA","massachusetts"
"Widmer Brothers Reserve Barrel Aged Brrrbon","OR, USA","Strong Ale","9.40%","3.750 (11)",3.75,11,"OR","oregon"
"Live Oak Hefe Weizen","TX, USA","Hefeweizen","-","3.750 (10)",3.75,10,"TX","texas"
"Avery Eleven","CO, USA","Imperial IPA","9%","3.750 (9)",3.75,9,"CO","colorado"
"Hangtown Vanilla Stout","CA, USA","Stout","7.20%","3.750 (6)",3.75,6,"CA","california"
"Epic Imperial Stout","UT, USA","Imperial Stout","9.10%","3.750 (5)",3.75,5,"UT","utah"
"Founders Frangelic Mountain Brown","MI, USA","Brown Ale","9.60%","3.750 (5)",3.75,5,"MI","michigan"
"Russian River Deviation (Bottleworks IX)","CA, USA","Belgian Ale","6.83%","3.750 (3)",3.75,3,"CA","california"
"Livery Wheat Trippelbock","MI, USA","Weizenbock","13%","3.750 (3)",3.75,3,"MI","michigan"
"Red Brick 20th Anniversary","GA, USA","Imperial Stout","10%","3.750 (3)",3.75,3,"GA","georgia"
"Moylan's Hopsickle Imperial Ale - Triple Hoppy","CA, USA","Imperial IPA","9.20%","3.749 (33)",3.749,33,"CA","california"
"Sierra Nevada Southern Hemisphere Harvest Ale","CA, USA","IPA","6.50%","3.749 (32)",3.749,32,"CA","california"
"Stone 13th Anniversary Ale","CA, USA","Strong Ale","9.50%","3.748 (22)",3.748,22,"CA","california"
"Stone 03.03.03 Vertical Epic Ale","CA, USA","Belgian Strong Ale","9%","3.748 (20)",3.748,20,"CA","california"
"Founders Dirty Bastard Scotch Ale","MI, USA","Scottish Ale","8.50%","3.747 (58)",3.747,58,"MI","michigan"
"Allagash Four","ME, USA","Abbey Quadrupel","10%","3.746 (32)",3.746,32,"ME","maine"
"Moylan's Ryan Sullivan's Imperial Stout","CA, USA","Imperial Stout","10%","3.746 (25)",3.746,25,"CA","california"
"Lost Coast 8 Ball Stout","CA, USA","Stout","5.50%","3.744 (43)",3.744,43,"CA","california"
"Jolly Pumpkin La Roja","MI, USA","Biere de Garde","7.20%","3.744 (36)",3.744,36,"MI","michigan"
"Fish Tale Anniversary Ale - 10 Squared","WA, USA","Imperial IPA","10%","3.744 (15)",3.744,15,"WA","washington"
"Sierra Nevada Juniper Black Ale","CA, USA","American Black Ale","8.50%","3.744 (13)",3.744,13,"CA","california"
"The Bruery Sour in the Rye","CA, USA","Wild Ale","8.70%","3.744 (6)",3.744,6,"CA","california"
"Valley Brew Uberhoppy IPA","CA, USA","Imperial IPA","8%","3.744 (6)",3.744,6,"CA","california"
"Cascade Vlad the Imp Aler","OR, USA","Belgian Strong Ale","10.30%","3.744 (6)",3.744,6,"OR","oregon"
"Vanberg et Famille LambickX","NY, USA","Gueuze","6.75%","3.744 (6)",3.744,6,"NY","new york"
"Samuel Adams Chocolate Bock","MA, USA","Bock","5.60%","3.743 (71)",3.743,71,"MA","massachusetts"
"Stone Pale Ale","CA, USA","American Pale Ale","5.40%","3.743 (59)",3.743,59,"CA","california"
"New Belgium Erics Ale","CO, USA","Fruit Beer","7%","3.743 (11)",3.743,11,"CO","colorado"
"Schlafly Bieré de Garde","MO, USA","Biere de Garde","7%","3.743 (4)",3.743,4,"MO","missouri"
"Lagunitas Maximus","CA, USA","Imperial IPA","8.20%","3.742 (68)",3.742,68,"CA","california"
"Dogfish Head Golden Era (Shower)","DE, USA","Imperial Pilsener","9%","3.742 (16)",3.742,16,"DE","delaware"
"Heavyweight Barrel Aged Old Salty","NJ, USA","English Barleywine","11%","3.742 (9)",3.742,9,"NJ","new jersey"
"Weyerbacher Blithering Idiot","PA, USA","English Barleywine","11.10%","3.741 (47)",3.741,47,"PA","pennsylvania"
"Firestone Walker Union Jack IPA","CA, USA","IPA","7.50%","3.741 (24)",3.741,24,"CA","california"
"Sierra Nevada Torpedo Extra IPA","CA, USA","IPA","7.20%","3.740 (55)",3.74,55,"CA","california"
"Goose Island Matilda","IL, USA","Belgian Ale","6.70%","3.740 (45)",3.74,45,"IL","illinois"
"New Holland Dragon's Milk","MI, USA","Imperial Stout","10%","3.740 (33)",3.74,33,"MI","michigan"
"Deschutes Bond Street Hop Trip","OR, USA","American Pale Ale","5.50%","3.740 (22)",3.74,22,"OR","oregon"
"Lost Abbey Judgment Day","CA, USA","Abbey Quadrupel","10.50%","3.740 (18)",3.74,18,"CA","california"
"Rogue Imperial Porter","OR, USA","Imperial Porter","7.77%","3.740 (12)",3.74,12,"OR","oregon"
"New Glarus Unplugged Imperial Weizen","WI, USA","Wheatwine","9.60%","3.740 (12)",3.74,12,"WI","wisconsin"
"Southern Star Buried Hatchet Stout","TX, USA","Foreign / Extra Stout","8.25%","3.740 (12)",3.74,12,"TX","texas"
"Great Lakes Doppelrock","OH, USA","Doppelbock","7.80%","3.740 (7)",3.74,7,"OH","ohio"
"Founders Curmudgeon Old Ale","MI, USA","Old Ale","9.30%","3.739 (34)",3.739,34,"MI","michigan"
"Victory Baltic Thunder","PA, USA","Baltic Porter","8.50%","3.739 (15)",3.739,15,"PA","pennsylvania"
"Sweetwater Donkey Punch","GA, USA","American Barleywine","10%","3.738 (10)",3.738,10,"GA","georgia"
"Pizza Port Mother of All Beers","CA, USA","Abbey Quadrupel","10.50%","3.738 (10)",3.738,10,"CA","california"
"Thirsty Dog Old Leghumper","OH, USA","Porter","5.70%","3.737 (28)",3.737,28,"OH","ohio"
"Midnight Sun Epluche-Culotte (Panty Peeler Tripel)","AK, USA","Abbey Tripel","8.50%","3.737 (13)",3.737,13,"AK","alaska"
"Clown Shoes Chocolate Sombrero","MA, USA","Imperial Stout","9%","3.737 (13)",3.737,13,"MA","massachusetts"
"Full Sail Top Sail Imperial Porter Bourbon Barrel Aged","OR, USA","Imperial Porter","9.85%","3.737 (5)",3.737,5,"OR","oregon"
"Hopworks Organic Survival ""7-Grain"" Stout","OR, USA","Stout","5.30%","3.737 (5)",3.737,5,"OR","oregon"
"Russian River Damnation","CA, USA","Belgian Strong Ale","7%","3.736 (36)",3.736,36,"CA","california"
"Port Brewing Shark Attack Double Red Ale","CA, USA","Strong Ale","9.50%","3.736 (11)",3.736,11,"CA","california"
"Cascade Kriek Ale","OR, USA","Flanders Red","7.30%","3.736 (8)",3.736,8,"OR","oregon"
"Rogue Mocha Porter","OR, USA","Porter","5.10%","3.735 (87)",3.735,87,"OR","oregon"
"Breckenridge Small Batch 471 IPA","CO, USA","Imperial IPA","9.20%","3.735 (37)",3.735,37,"CO","colorado"
"The Duck-Rabbit Wee Heavy Scotch Style Ale","NC, USA","Scottish Ale","8%","3.735 (14)",3.735,14,"NC","north carolina"
"Avery New World Porter","CO, USA","Porter","6.70%","3.734 (32)",3.734,32,"CO","colorado"
"Odell Cutthroat Porter","CO, USA","Porter","4.50%","3.734 (30)",3.734,30,"CO","colorado"
"Mad River Steelhead Extra Stout","CA, USA","Stout","6.60%","3.733 (21)",3.733,21,"CA","california"
"Terrapin Moo-Hoo Chocolate Milk Stout","GA, USA","Chocolate Stout","6%","3.733 (15)",3.733,15,"GA","georgia"
"McNeills Imperial Stout","VT, USA","Imperial Stout","-","3.733 (12)",3.733,12,"VT","vermont"
"Rogue Double Mocha Porter","OR, USA","Imperial Porter","8.20%","3.733 (12)",3.733,12,"OR","oregon"
"Alpine Beer Company Good","CA, USA","American Barleywine","17%","3.733 (6)",3.733,6,"CA","california"
"Firestone Walker 11","CA, USA","Strong Ale","11%","3.733 (6)",3.733,6,"CA","california"
"SKA Modus Hoperandi IPA","CO, USA","IPA","6.80%","3.732 (17)",3.732,17,"CO","colorado"
"Fish Tale Old Woody Strong Old Ale","WA, USA","Old Ale","9.50%","3.731 (13)",3.731,13,"WA","washington"
"Central Waters Brewer's Reserve Bourbon Barrel Cherry Stout","WI, USA","Fruit Stout","-","3.731 (10)",3.731,10,"WI","wisconsin"
"Rogue I2PA (Imperial India Pale Ale)","OR, USA","Imperial IPA","10.30%","3.730 (44)",3.73,44,"OR","oregon"
"Flying Fish Imperial Espresso Porter","NJ, USA","Imperial Porter","8%","3.730 (7)",3.73,7,"NJ","new jersey"
"Titletown Hopasaurus Rex","WI, USA","IPA","6.42%","3.730 (7)",3.73,7,"WI","wisconsin"
"Allagash Odyssey","ME, USA","Belgian Strong Ale","10%","3.729 (15)",3.729,15,"ME","maine"
"Lost Abbey Ten Commandments","CA, USA","Belgian Strong Ale","9%","3.729 (14)",3.729,14,"CA","california"
"French Broad Anvil Porter","NC, USA","Porter","6%","3.729 (4)",3.729,4,"NC","north carolina"
"The Bruery Provisions Series: Mother Funker","CA, USA","Wild Ale","6%","3.729 (4)",3.729,4,"CA","california"
"The Bruery Smoking Wood - Rye Barrel","CA, USA","Smoked Ale","10%","3.729 (4)",3.729,4,"CA","california"
"Avery Old Jubilation Ale","CO, USA","English Strong Ale","8%","3.728 (47)",3.728,47,"CO","colorado"
"Stone 9th Anniversary Ale","CA, USA","Wheatwine","7.80%","3.728 (26)",3.728,26,"CA","california"
"Captain Lawrence Nor Easter Winter Warmer","NY, USA","Strong Ale","12%","3.727 (12)",3.727,12,"NY","new york"
"Sierra Nevada Northern Hemisphere Harvest Ale","CA, USA","IPA","6.70%","3.727 (8)",3.727,8,"CA","california"
"Weyerbacher Tiny","PA, USA","Imperial Stout","11.80%","3.727 (8)",3.727,8,"PA","pennsylvania"
"Red Brick Double Chocolate Oatmeal Porter","GA, USA","Imperial Porter","7.70%","3.727 (8)",3.727,8,"GA","georgia"
"Ommegang Ommegeddon","NY, USA","Saison","8%","3.726 (24)",3.726,24,"NY","new york"
"Anderson Valley Hop Ottin' IPA","CA, USA","IPA","7%","3.725 (71)",3.725,71,"CA","california"
"Left Hand Smoke Jumper Smoked Imperial Porter","CO, USA","Smoked Ale","10.50%","3.725 (21)",3.725,21,"CO","colorado"
"Stone 15th Anniversary Escondidian Imperial Black IPA","CA, USA","American Black Ale","10.80%","3.725 (13)",3.725,13,"CA","california"
"Samuel Adams Long Shot Double IPA","MA, USA","Imperial IPA","9%","3.725 (9)",3.725,9,"MA","massachusetts"
"Free State Kings Cross ESB","KS, USA","Extra Special Bitter","-","3.725 (5)",3.725,5,"KS","kansas"
"Blue Mountain Barrel House Dark Hollow","VA, USA","Imperial Stout","10%","3.725 (5)",3.725,5,"VA","virginia"
"Drake's IPA","CA, USA","IPA","7%","3.724 (14)",3.724,14,"CA","california"
"Avery The Czar Imperial Stout","CO, USA","Imperial Stout","11%","3.723 (50)",3.723,50,"CO","colorado"
"Lagunitas Little Sumpin' Wild Ale","CA, USA","Belgian Strong Ale","8.85%","3.722 (24)",3.722,24,"CA","california"
"Firestone Walker 12","CA, USA","Strong Ale","12%","3.722 (6)",3.722,6,"CA","california"
"Russian River Damnation Batch 23 (Oak Aged)","CA, USA","Abbey Tripel","10.50%","3.722 (6)",3.722,6,"CA","california"
"Stone Ruination Tenth Anniversary IPA","CA, USA","Imperial IPA","10.80%","3.722 (6)",3.722,6,"CA","california"
"Deep Ellum IPA","TX, USA","IPA","7%","3.722 (6)",3.722,6,"TX","texas"
"Great Lakes Chillwave Double IPA","OH, USA","Imperial IPA","9.40%","3.722 (6)",3.722,6,"OH","ohio"
"Dogfish Head 120 Minute IPA","DE, USA","Strong Ale","18%","3.721 (74)",3.721,74,"DE","delaware"
"Stone 8th Anniversary Ale","CA, USA","Strong Ale","7.80%","3.721 (31)",3.721,31,"CA","california"
"Lagunitas Wilco Tango Foxtrot Ale","CA, USA","Brown Ale","7.30%","3.721 (31)",3.721,31,"CA","california"
"Dark Horse Crooked Tree IPA","MI, USA","IPA","6%","3.720 (23)",3.72,23,"MI","michigan"
"DuClaw Black Jack Stout","MD, USA","Imperial Stout","8.50%","3.720 (7)",3.72,7,"MD","maryland"
"Santa Fe Imperial Java Stout","NM, USA","Imperial Stout","8%","3.720 (7)",3.72,7,"NM","new mexico"
"Hair of the Dog Dave","OR, USA","American Barleywine","29%","3.720 (2)",3.72,2,"OR","oregon"
"Pelican Tsunami Stout","OR, USA","Foreign / Extra Stout","7%","3.719 (18)",3.719,18,"OR","oregon"
"Dark Horse Scotty Karate Scotch Ale","MI, USA","Scottish Ale","9.75%","3.719 (18)",3.719,18,"MI","michigan"
"AleSmith Decadence 2005","CA, USA","Old Ale","11%","3.719 (13)",3.719,13,"CA","california"
"Rogue Brutal Bitter","OR, USA","Extra Special Bitter","6.50%","3.718 (82)",3.718,82,"OR","oregon"
"Old Dominion Oak Barrel Aged Millennium","DE, USA","English Barleywine","11.40%","3.718 (8)",3.718,8,"DE","delaware"
"Dark Horse Fore Smoked Stout","MI, USA","Smoked Ale","8%","3.717 (15)",3.717,15,"MI","michigan"
"Bear Republic Apex (Racer One Five)","CA, USA","Imperial IPA","8.10%","3.717 (9)",3.717,9,"CA","california"
"Schlafly Special Release Bourbon Barrel Ale","MO, USA","Strong Ale","-","3.717 (9)",3.717,9,"MO","missouri"
"Foothills Barrel Aged Sexual Chocolate Imperial Stout","NC, USA","Imperial Stout","10%","3.717 (3)",3.717,3,"NC","north carolina"
"Deschutes Cinder Cone Red Ale","OR, USA","Amber Ale","5.80%","3.716 (16)",3.716,16,"OR","oregon"
"Butte Creek Organic Revolution X Imperial IPA","CA, USA","Imperial IPA","9.10%","3.716 (16)",3.716,16,"CA","california"
"New Belgium 1554 Brussels Black Ale","CO, USA","Belgian Ale","5.50%","3.715 (78)",3.715,78,"CO","colorado"
"Boulder Hazed and Infused","CO, USA","American Pale Ale","4.85%","3.715 (45)",3.715,45,"CO","colorado"
"Chatoe Rogue Dirtoir Black Lager","OR, USA","Schwarzbier","5%","3.715 (10)",3.715,10,"OR","oregon"
"Port Brewing Mongo Double IPA","CA, USA","Imperial IPA","8.50%","3.715 (10)",3.715,10,"CA","california"
"New Glarus Unplugged Imperial IPA","WI, USA","Imperial IPA","-","3.714 (11)",3.714,11,"WI","wisconsin"
"Ithaca Excelsior! Brute","NY, USA","Gueuze","7%","3.714 (4)",3.714,4,"NY","new york"
"McSorelys Black and Tan","WI, USA","Stout","-","3.714 (4)",3.714,4,"WI","wisconsin"
"10 Barrel S1NIST0R Black Ale","OR, USA","Schwarzbier","5.30%","3.714 (4)",3.714,4,"OR","oregon"
"Terrapin Hopzilla","GA, USA","Imperial IPA","10.80%","3.714 (4)",3.714,4,"GA","georgia"
"New England Imperial Stout Trooper","CT, USA","Imperial Stout","8.50%","3.714 (4)",3.714,4,"CT","connecticut"
"FiftyFifty 2011 Imperial Eclipse Stout - Brewmaster's Grand Cru","CA, USA","Imperial Stout","10%","3.714 (4)",3.714,4,"CA","california"
"Almanac Heirloom Pumpkin Barleywine","CA, USA","Spiced Beer","12%","3.714 (4)",3.714,4,"CA","california"
"Goose Island Bourbon County Barleywine","IL, USA","American Barleywine","12.10%","3.714 (4)",3.714,4,"IL","illinois"
"The Commons Maybelle","OR, USA","Wild Ale","-","3.714 (4)",3.714,4,"OR","oregon"
"Ommegang Chocolate Indulgence","NY, USA","Chocolate Stout","7%","3.713 (35)",3.713,35,"NY","new york"
"Ommegang Adoration Special Winter Ale","NY, USA","Spiced Beer","10%","3.713 (12)",3.713,12,"NY","new york"
"Smuttynose Farmhouse Ale","NH, USA","Saison","7.40%","3.713 (12)",3.713,12,"NH","new hampshire"
"Grand Teton Double Vision Dopplebock","ID, USA","Doppelbock","8%","3.713 (5)",3.713,5,"ID","idaho"
"New Belgium Lips of Faith Imperial Coffee Chocolate Stout","CO, USA","Imperial Stout","9%","3.713 (5)",3.713,5,"CO","colorado"
"Lagunitas Undercover Investigation Shut-Down Ale","CA, USA","Strong Ale","9.90%","3.712 (41)",3.712,41,"CA","california"
"Bells Rye Stout","MI, USA","Stout","6.70%","3.712 (23)",3.712,23,"MI","michigan"
"Pizza Port Lou P. Lin","CA, USA","Imperial IPA","8.50%","3.712 (5)",3.712,5,"CA","california"
"Jolly Pumpkin Luciernaga Grande Reserve","MI, USA","Belgian Ale","7%","3.712 (5)",3.712,5,"MI","michigan"
"Dogwood Winter Ale 2003 (Whiskey-barrel aged)","GA, USA","Abbey Dubbel","-","3.711 (6)",3.711,6,"GA","georgia"
"Saint Arnold Endeavour IPA2","TX, USA","Imperial IPA","9%","3.711 (6)",3.711,6,"TX","texas"
"Funkwerks Saison","CO, USA","Saison","6.80%","3.711 (6)",3.711,6,"CO","colorado"
"Sierra Nevada / Allagash Beer Camp Myrons Walk","CA, USA","Belgian Ale","5.30%","3.711 (6)",3.711,6,"CA","california"
"Clown Shoes Galactica IPA","MA, USA","IPA","8%","3.711 (6)",3.711,6,"MA","massachusetts"
"Kyle Hollingsworth / Keri Kelly / Stone Collective Distortion IPA","CA, USA","Imperial IPA","9.30%","3.711 (6)",3.711,6,"CA","california"
"Avery Hog Heaven","CO, USA","American Barleywine","9.20%","3.710 (57)",3.71,57,"CO","colorado"
"Lakefront Bridge Burner Special Reserve Ale","WI, USA","Strong Ale","8%","3.710 (18)",3.71,18,"WI","wisconsin"
"Ninkasi Tricerahops Double IPA","OR, USA","Imperial IPA","9%","3.710 (18)",3.71,18,"OR","oregon"
"Barley John's Dark Knight Imperial Porter","MN, USA","Imperial Porter","18%","3.710 (7)",3.71,7,"MN","minnesota"
"Great Lakes Burning River Pale Ale","OH, USA","American Pale Ale","6%","3.709 (67)",3.709,67,"OH","ohio"
"Sweetwater Happy Ending Imperial Stout","GA, USA","Imperial Stout","9%","3.709 (19)",3.709,19,"GA","georgia"
"Ballast Point Three Sheets Barley Wine","CA, USA","American Barleywine","10%","3.709 (8)",3.709,8,"CA","california"
"Hair of the Dog Michael","OR, USA","Wild Ale","6.20%","3.709 (8)",3.709,8,"OR","oregon"
"Tyranena Devil Over A Barrel","WI, USA","Imperial Porter","8%","3.709 (8)",3.709,8,"WI","wisconsin"
"Prairie Artisan Ales Funky Galaxy","OK, USA","Saison","8%","3.709 (8)",3.709,8,"OK","oklahoma"
"Boulder Shake Chocolate Porter","CO, USA","Porter","5.90%","3.709 (8)",3.709,8,"CO","colorado"
"Jolly Pumpkin Luciernaga","MI, USA","Belgian Ale","6.50%","3.708 (21)",3.708,21,"MI","michigan"
"Southern Tier Oak Aged Un*Earthly","NY, USA","Imperial IPA","11%","3.708 (10)",3.708,10,"NY","new york"
"New Glarus Thumbprint Series Barley Wine","WI, USA","American Barleywine","-","3.708 (9)",3.708,9,"WI","wisconsin"
"Snoqualmie Falls Wildcat IPA","WA, USA","IPA","6.60%","3.708 (9)",3.708,9,"WA","washington"
"Stone Old Guardian Belgo Barley Wine","CA, USA","American Barleywine","12%","3.708 (9)",3.708,9,"CA","california"
"Founders Devil Dancer Triple IPA3","MI, USA","Imperial IPA","12%","3.707 (24)",3.707,24,"MI","michigan"
"Jason Fields & Kevin Sheppard / Tröegs / Stone Cherry Chocolate Stout","CA, USA","Chocolate Stout","7.30%","3.707 (11)",3.707,11,"CA","california"
"The Bruery Mischief","CA, USA","Belgian Strong Ale","8.50%","3.707 (11)",3.707,11,"CA","california"
"Sierra Nevada Weizenbock","CA, USA","Weizenbock","6.60%","3.706 (13)",3.706,13,"CA","california"
"Flying Dog Raging Bitch Belgian IPA","MD, USA","Imperial IPA","8.30%","3.705 (36)",3.705,36,"MD","maryland"
"Sprecher Black Bavarian","WI, USA","Schwarzbier","5.86%","3.705 (36)",3.705,36,"WI","wisconsin"
"Smuttynose Big A IPA","NH, USA","Imperial IPA","9%","3.704 (25)",3.704,25,"NH","new hampshire"
"Smuttynose Barleywine Style Ale","NH, USA","American Barleywine","10%","3.704 (24)",3.704,24,"NH","new hampshire"
"Lagunitas Imperial Red","CA, USA","Strong Ale","7.60%","3.703 (35)",3.703,35,"CA","california"
"Lancaster Milk Stout","PA, USA","Milk Stout","5.50%","3.703 (35)",3.703,35,"PA","pennsylvania"
"Heavy Seas Winter Storm Category 5 Ale","MD, USA","Strong Ale","7.50%","3.700 (35)",3.7,35,"MD","maryland"
"Maui Coconut Porter","HI, USA","Porter","5.50%","3.700 (30)",3.7,30,"HI","hawaii"
"New Belgium Hoptober Golden Ale","CO, USA","Blonde Ale","6%","3.700 (19)",3.7,19,"CO","colorado"
"Left Hand Twin Sisters Double IPA","CO, USA","Imperial IPA","9.60%","3.700 (17)",3.7,17,"CO","colorado"
"Dark Horse Double Crooked Tree IPA","MI, USA","Imperial IPA","13.60%","3.700 (16)",3.7,16,"MI","michigan"
"SurlyFest","MN, USA","Marzen / Oktoberfest","6%","3.700 (16)",3.7,16,"MN","minnesota"
"Jolly Pumpkin Biere de Mars","MI, USA","Biere de Garde","7%","3.700 (12)",3.7,12,"MI","michigan"
"Tyranena Down 'N Dirty Chocolate Oatmeal Stout","WI, USA","Oatmeal Stout","6.30%","3.700 (11)",3.7,11,"WI","wisconsin"
"Hoppin' Frog Hop Dam Triple I.P.A.","OH, USA","Imperial IPA","10%","3.700 (10)",3.7,10,"OH","ohio"
"Heavyweight Saison de la Soeur Black","NJ, USA","Saison","6.20%","3.700 (10)",3.7,10,"NJ","new jersey"
"Sweetwater Motor Boat","GA, USA","Extra Special Bitter","6.50%","3.700 (9)",3.7,9,"GA","georgia"
"Harpoon Leviathan Imperial IPA","MA, USA","Imperial IPA","10%","3.700 (7)",3.7,7,"MA","massachusetts"
"Bells Batch 9000","MI, USA","Imperial Stout","12.50%","3.700 (7)",3.7,7,"MI","michigan"
"Great Divide 17th Anniversary Wood Aged Double IPA","CO, USA","Imperial IPA","10%","3.700 (7)",3.7,7,"CO","colorado"
"Stochasticity Project Grapefruit Slam IPA","CA, USA","Imperial IPA","8.20%","3.700 (7)",3.7,7,"CA","california"
"Victory Red Thunder","PA, USA","Baltic Porter","8.50%","3.700 (7)",3.7,7,"PA","pennsylvania"
"Bells The Oracle DIPA Ale","MI, USA","Imperial IPA","10%","3.700 (5)",3.7,5,"MI","michigan"
"Goose Island Big John","IL, USA","Imperial Stout","11.50%","3.700 (5)",3.7,5,"IL","illinois"
"Anchorage Galaxy White IPA","AK, USA","IPA","7%","3.700 (5)",3.7,5,"AK","alaska"
"Sierra Nevada / Bells Beer Camp Maillards Odyssey","CA, USA","Strong Ale","8.50%","3.700 (5)",3.7,5,"CA","california"
"Pizza Port Old Boneyards Barleywine","CA, USA","American Barleywine","-","3.700 (4)",3.7,4,"CA","california"
"Triumph Imperial Stout","NJ, USA","Imperial Stout","11%","3.700 (4)",3.7,4,"NJ","new jersey"
"Great Divide Barrel Aged Old Ruffian Barley Wine","CO, USA","American Barleywine","12.70%","3.700 (4)",3.7,4,"CO","colorado"
"Captain Lawrence Smoke from the Oak (Wine Barrel)","NY, USA","Porter","6.40%","3.700 (4)",3.7,4,"NY","new york"
"Lost Abbey Saints Devotion","CA, USA","Wild Ale","6.25%","3.700 (4)",3.7,4,"CA","california"
"Left Hand Beer Week Sauce","CO, USA","Porter","6%","3.700 (4)",3.7,4,"CO","colorado"
"Olde Burnside Ten Penny Ale","CT, USA","Scottish Ale","-","3.700 (4)",3.7,4,"CT","connecticut"
"Pizza Port Night Rider","CA, USA","Imperial Stout","9.50%","3.700 (4)",3.7,4,"CA","california"
"FiftyFifty 2010 Imperial Eclipse Stout - Four Roses","CA, USA","Imperial Stout","9.50%","3.700 (4)",3.7,4,"CA","california"
"Pizza Port Le Woody Brune","CA, USA","Flanders Oude Bruin","-","3.700 (4)",3.7,4,"CA","california"
"Lakefront 25th Anniversary Series Imperial Stout","WI, USA","Imperial Stout","10%","3.700 (4)",3.7,4,"WI","wisconsin"
"Chris Banker / Stone / Insurgente Xocoveza Mocha Stout","CA, USA","Milk Stout","8.10%","3.700 (4)",3.7,4,"CA","california"
"Spencer Trappist Ale","MA, USA","Belgian Ale","6.50%","3.700 (4)",3.7,4,"MA","massachusetts"
"Sweetwater Dank Tank Mean Joe Bean","GA, USA","Imperial Porter","8.50%","3.700 (3)",3.7,3,"GA","georgia"
"Good People El Gordo Russian Imperial Stout","AL, USA","Imperial Stout","13.90%","3.700 (2)",3.7,2,"AL","alabama"
"Moylan's Moylander Double IPA","CA, USA","Imperial IPA","8.50%","3.697 (35)",3.697,35,"CA","california"
"Southern Tier Back Burner","NY, USA","English Barleywine","10%","3.697 (26)",3.697,26,"NY","new york"
"Southern Tier Imperial Gemini","NY, USA","Imperial IPA","10.50%","3.696 (22)",3.696,22,"NY","new york"
"Green Flash Barleywine Style Ale","CA, USA","American Barleywine","10.90%","3.696 (21)",3.696,21,"CA","california"
"Allagash Grand Cru","ME, USA","Belgian Ale","7.20%","3.695 (39)",3.695,39,"ME","maine"
"The Bruery Saison de Lente","CA, USA","Saison","6.50%","3.695 (17)",3.695,17,"CA","california"
"Southampton 10th Anniversary Old Ale","NY, USA","Old Ale","8.70%","3.695 (16)",3.695,16,"NY","new york"
"New Glarus Unplugged Smoke on the Porter","WI, USA","Smoked Ale","6.10%","3.695 (16)",3.695,16,"WI","wisconsin"
"Avery DuganA","CO, USA","Imperial IPA","8.50%","3.695 (16)",3.695,16,"CO","colorado"
"Southampton Saison Deluxe","NY, USA","Saison","7.40%","3.694 (14)",3.694,14,"NY","new york"
"Deschutes Black Butte Porter","OR, USA","Porter","5.20%","3.693 (57)",3.693,57,"OR","oregon"
"Jolly Pumpkin Maracaibo Especial","MI, USA","Brown Ale","7.50%","3.692 (22)",3.692,22,"MI","michigan"
"The Bruery 2 Turtle Doves","CA, USA","Belgian Strong Ale","12%","3.692 (11)",3.692,11,"CA","california"
"Bells Batch 10,000 Ale","MI, USA","Strong Ale","9.20%","3.692 (9)",3.692,9,"MI","michigan"
"Kona Da Grind Buzz Kona Coffee Imperial Stout","HI, USA","Imperial Stout","10.50%","3.687 (5)",3.687,5,"HI","hawaii"
"Marin Mt. Tam Pale Ale","CA, USA","American Pale Ale","5%","3.687 (5)",3.687,5,"CA","california"
"Heavy Seas Loose Cannon","MD, USA","IPA","7.50%","3.686 (34)",3.686,34,"MD","maryland"
"Great Lakes Lake Erie Monster","OH, USA","Imperial IPA","9%","3.686 (19)",3.686,19,"OH","ohio"
"Avery Fourteen","CO, USA","Strong Ale","9.46%","3.686 (18)",3.686,18,"CO","colorado"
"Pizza Port DoHeny Double IPA","CA, USA","Imperial IPA","8%","3.686 (4)",3.686,4,"CA","california"
"Tyranena Whos Your Daddy? Bourbon Barrel-Aged Imperial Porter","WI, USA","Imperial Porter","8%","3.686 (4)",3.686,4,"WI","wisconsin"
"Ballast Point Habanero Sculpin","CA, USA","Spiced Beer","7%","3.686 (4)",3.686,4,"CA","california"
"Portland Benchmark Old Ale","OR, USA","Old Ale","9.90%","3.685 (10)",3.685,10,"OR","oregon"
"Widmer Brothers W'11 KGB Russian Imperial Stout","OR, USA","Imperial Stout","9.25%","3.685 (10)",3.685,10,"OR","oregon"
"LaConner India Pale Ale (Bottleworks)","WA, USA","IPA","7%","3.685 (10)",3.685,10,"WA","washington"
"Jolly Pumpkin Noel de Calabaza","MI, USA","Belgian Strong Ale","9%","3.684 (16)",3.684,16,"MI","michigan"
"Left Hand Fade To Black, Volume 1","CO, USA","Foreign / Extra Stout","8.50%","3.683 (9)",3.683,9,"CO","colorado"
"Nebraska Chardonnay French Oak Hop God","NE, USA","Belgian Strong Ale","10.10%","3.683 (3)",3.683,3,"NE","nebraska"
"Cigar City Brandy Barrel Aged Hunahpus Imperial Stout","FL, USA","Imperial Stout","11%","3.683 (3)",3.683,3,"FL","florida"
"Cascade Noyaux","OR, USA","Wild Ale","8.94%","3.683 (3)",3.683,3,"OR","oregon"
"Clown Shoes Undead Party Crasher","MA, USA","Imperial Stout","11%","3.683 (3)",3.683,3,"MA","massachusetts"
"Cisco Moor Porter","MA, USA","Porter","7%","3.682 (14)",3.682,14,"MA","massachusetts"
"Cigar City Jai Alai IPA","FL, USA","IPA","7.50%","3.682 (14)",3.682,14,"FL","florida"
"Left Hand Smoked Goosinator Doppelbock","CO, USA","Rauchbier","7.70%","3.682 (8)",3.682,8,"CO","colorado"
"Southern Tier Goat Boy","NY, USA","Weizenbock","7.50%","3.682 (8)",3.682,8,"NY","new york"
"Smuttynose Wheat Wine","NH, USA","Wheatwine","10%","3.681 (24)",3.681,24,"NH","new hampshire"
"AleSmith Nut Brown Ale","CA, USA","Brown Ale","5%","3.681 (13)",3.681,13,"CA","california"
"Good People Snake Handler Double IPA","AL, USA","Imperial IPA","9.30%","3.680 (7)",3.68,7,"AL","alabama"
"Highland Tasgall Ale","NC, USA","Scottish Ale","8%","3.680 (7)",3.68,7,"NC","north carolina"
"New Glarus Unplugged Cherry Stout","WI, USA","Fruit Stout","6.50%","3.750 (19)",3.75,19,"WI","wisconsin"
"Port Brewing High Tide Fresh Hop IPA","CA, USA","IPA","6.50%","3.750 (19)",3.75,19,"CA","california"
"Samuel Adams New World Tripel (Barrel Room Collection)","MA, USA","Abbey Tripel","10%","3.750 (13)",3.75,13,"MA","massachusetts"
"Widmer Brothers Reserve Barrel Aged Brrrbon","OR, USA","Strong Ale","9.40%","3.750 (11)",3.75,11,"OR","oregon"
"Live Oak Hefe Weizen","TX, USA","Hefeweizen","-","3.750 (10)",3.75,10,"TX","texas"
"Avery Eleven","CO, USA","Imperial IPA","9%","3.750 (9)",3.75,9,"CO","colorado"
"Hangtown Vanilla Stout","CA, USA","Stout","7.20%","3.750 (6)",3.75,6,"CA","california"
"Evil Twin Lil' B","Denmark","Imperial Porter","11.50%","3.750 (5)",3.75,5,"DE","delaware"
"Founders Frangelic Mountain Brown","MI, USA","Brown Ale","9.60%","3.750 (5)",3.75,5,"MI","michigan"
"Vikingernes Mjød","Denmark","Mead","19%","3.750 (5)",3.75,5,"DE","delaware"
"Epic Imperial Stout","UT, USA","Imperial Stout","9.10%","3.750 (5)",3.75,5,"UT","utah"
"Red Brick 20th Anniversary","GA, USA","Imperial Stout","10%","3.750 (3)",3.75,3,"GA","georgia"
"Evil Twin Imperial Doughnut Break","Denmark","Imperial Stout","11.50%","3.750 (3)",3.75,3,"DE","delaware"
"Livery Wheat Trippelbock","MI, USA","Weizenbock","13%","3.750 (3)",3.75,3,"MI","michigan"
"Russian River Deviation (Bottleworks IX)","CA, USA","Belgian Ale","6.83%","3.750 (3)",3.75,3,"CA","california"
"Moylan's Hopsickle Imperial Ale - Triple Hoppy","CA, USA","Imperial IPA","9.20%","3.749 (33)",3.749,33,"CA","california"
"Sierra Nevada Southern Hemisphere Harvest Ale","CA, USA","IPA","6.50%","3.749 (32)",3.749,32,"CA","california"
"Stone 13th Anniversary Ale","CA, USA","Strong Ale","9.50%","3.748 (22)",3.748,22,"CA","california"
"Stone 03.03.03 Vertical Epic Ale","CA, USA","Belgian Strong Ale","9%","3.748 (20)",3.748,20,"CA","california"
"Founders Dirty Bastard Scotch Ale","MI, USA","Scottish Ale","8.50%","3.747 (58)",3.747,58,"MI","michigan"
"Tree Hophead India Pale Ale","Canada","IPA","5.60%","3.747 (14)",3.747,14,"CA","california"
"Clown Shoes Space Cake Double IPA","MA, USA","Imperial IPA","9%","3.675 (5)",3.675,5,"MA","massachusetts"
"Lagunitas Cappuccino Stout","CA, USA","Coffee Stout","9.26%","3.674 (44)",3.674,44,"CA","california"
"Bells Best Brown Ale","MI, USA","Brown Ale","6.60%","3.674 (41)",3.674,41,"MI","michigan"
"Avery Seventeen","CO, USA","Schwarzbier","8.69%","3.674 (16)",3.674,16,"CO","colorado"
"Anchor Liberty Ale","CA, USA","American Pale Ale","5.90%","3.673 (121)",3.673,121,"CA","california"
"Great Lakes Nosferatu","OH, USA","Strong Ale","8%","3.673 (35)",3.673,35,"OH","ohio"
"Avery Collaboration not Litigation Ale","CO, USA","Belgian Strong Ale","8.99%","3.673 (27)",3.673,27,"CO","colorado"
"Snake River Zonker Stout","WY, USA","Stout","5.80%","3.673 (23)",3.673,23,"WY","wyoming"
"Hoppin' Frog Hoppin to Heaven IPA","OH, USA","IPA","6.80%","3.673 (12)",3.673,12,"OH","ohio"
"Left Hand Oak Aged Imperial Stout","CO, USA","Imperial Stout","10.40%","3.673 (8)",3.673,8,"CO","colorado"
"Flying Dog Wild Dog Dog Schwarz","MD, USA","Schwarzbier","7.80%","3.673 (8)",3.673,8,"MD","maryland"
"Clown Shoes Eagle Claw Fist Imperial Amber Ale","MA, USA","Strong Ale","8%","3.673 (8)",3.673,8,"MA","massachusetts"
"Southern Tier IPA","NY, USA","IPA","6.50%","3.671 (42)",3.671,42,"NY","new york"
"Ass Kisser Porter Pounder","CA, USA","Smoked Ale","8.03%","3.671 (11)",3.671,11,"CA","california"
"Smuttynose Really Old Brown Dog Old Ale","NH, USA","Old Ale","11.10%","3.671 (11)",3.671,11,"NH","new hampshire"
"Stillwater Artisanal Existent","MD, USA","Belgian Ale","7.40%","3.671 (4)",3.671,4,"MD","maryland"
"Russian River Beatification","CA, USA","Wild Ale","5.50%","3.671 (4)",3.671,4,"CA","california"
"Cascade Apricot Ale","OR, USA","Fruit Lambic","9%","3.671 (4)",3.671,4,"OR","oregon"
"Kern River Citra DIPA","CA, USA","Imperial IPA","8%","3.671 (4)",3.671,4,"CA","california"
"He'Brew Vertical Jewbelation","CA, USA","Strong Ale","10.50%","3.671 (4)",3.671,4,"CA","california"
"The Brew Kettle Tunguska Imperial Stout","OH, USA","Imperial Stout","10.80%","3.671 (4)",3.671,4,"OH","ohio"
"Ithaca IPAbbey","NY, USA","Abbey Tripel","9%","3.671 (4)",3.671,4,"NY","new york"
"Oggi's Ding Ding Double IPA","CA, USA","Imperial IPA","10.50%","3.671 (4)",3.671,4,"CA","california"
"Left Hand Chainsaw Ale (Double Sawtooth)","CO, USA","Strong Ale","9%","3.670 (17)",3.67,17,"CO","colorado"
"Ommegang Aphrodite","NY, USA","Fruit Beer","8.90%","3.670 (7)",3.67,7,"NY","new york"
"Stoudts Abbey Triple","PA, USA","Abbey Tripel","9%","3.669 (32)",3.669,32,"PA","pennsylvania"
"Bells Hell Hath No Fury","MI, USA","Belgian Strong Ale","7.70%","3.669 (29)",3.669,29,"MI","michigan"
"Three Floyds Black Sun Stout","IN, USA","Dry Stout","6.50%","3.669 (26)",3.669,26,"IN","indiana"
"Stone Belgo Anise Imperial Russian Stout","CA, USA","Imperial Stout","10.50%","3.669 (13)",3.669,13,"CA","california"
"Smuttynose Maibock","NH, USA","Bock","7.70%","3.669 (13)",3.669,13,"NH","new hampshire"
"Troutbrook Thomas Hooker Octoberfest Lager","CT, USA","Marzen / Oktoberfest","6.10%","3.669 (10)",3.669,10,"CT","connecticut"
"New Glarus Unplugged Eisbock","WI, USA","Eisbock","9.50%","3.669 (10)",3.669,10,"WI","wisconsin"
"Schlafly Winter ESB","MO, USA","Extra Special Bitter","6.20%","3.668 (19)",3.668,19,"MO","missouri"
"Troegs Troegenator Doublebock","PA, USA","Doppelbock","8.20%","3.667 (35)",3.667,35,"PA","pennsylvania"
"New Belgium Mighty Arrow","CO, USA","American Pale Ale","6.10%","3.667 (27)",3.667,27,"CO","colorado"
"Rogue Brewer","OR, USA","Strong Ale","7.50%","3.667 (12)",3.667,12,"OR","oregon"
"Clown Shoes Hoppy Feet 1.5 Double Black India Pale Ale","MA, USA","American Black Ale","10%","3.667 (10)",3.667,10,"MA","massachusetts"
"Samuel Adams Long Shot Blackened Hops","MA, USA","American Black Ale","7%","3.667 (9)",3.667,9,"MA","massachusetts"
"Ale Asylum Madtown Nutbrown","WI, USA","Brown Ale","5.50%","3.667 (9)",3.667,9,"WI","wisconsin"
"Ommegang Art of Darkness","NY, USA","Belgian Strong Ale","8.90%","3.667 (6)",3.667,6,"NY","new york"
"The Bruery White Oak","CA, USA","American Barleywine","11.50%","3.667 (6)",3.667,6,"CA","california"
"Ommegang Rouge Grand Cru","NY, USA","Flanders Red","5.50%","3.667 (6)",3.667,6,"NY","new york"
"The Bruery 5 Golden Rings","CA, USA","Belgian Strong Ale","11.50%","3.667 (6)",3.667,6,"CA","california"
"Anchor Big Leaf Maple Autumn Red","CA, USA","Amber Ale","6%","3.667 (6)",3.667,6,"CA","california"
"Lost Abbey 2008 Sinners","CA, USA","Belgian Strong Ale","-","3.667 (3)",3.667,3,"CA","california"
"Ramstein Eisbock","NJ, USA","Eisbock","11.50%","3.667 (3)",3.667,3,"NJ","new jersey"
"Goose Island King Henry","IL, USA","English Barleywine","13.40%","3.667 (3)",3.667,3,"IL","illinois"
"Bells Sparkling Ale","MI, USA","Abbey Tripel","8.20%","3.666 (26)",3.666,26,"MI","michigan"
"Speakeasy Prohibition Ale","CA, USA","Amber Ale","6.10%","3.665 (34)",3.665,34,"CA","california"
"Lagunitas Freak Out","CA, USA","IPA","7.30%","3.665 (17)",3.665,17,"CA","california"
"Thirsty Dog Hoppus Maximus","OH, USA","Amber Ale","5%","3.665 (17)",3.665,17,"OH","ohio"
"Southern Star Pine Belt Pale","TX, USA","American Pale Ale","6.30%","3.664 (8)",3.664,8,"TX","texas"
"Rogue Dead Guy Ale","OR, USA","Bock","6.60%","3.663 (153)",3.663,153,"OR","oregon"
"Captain Lawrence Xtra Gold Tripel","NY, USA","Abbey Tripel","9%","3.662 (10)",3.662,10,"NY","new york"
"He'Brew Jewbelation Twelve","CA, USA","Strong Ale","12%","3.662 (10)",3.662,10,"CA","california"
"BrewDog / Cambridge / Stone Juxtaposition Black Pilsner","CA, USA","Imperial Pilsener","10%","3.662 (5)",3.662,5,"CA","california"
"Lagunitas Decimator","CA, USA","Strong Ale","7.80%","3.662 (5)",3.662,5,"CA","california"
"Anchorage Love Buzz Saison","AK, USA","Saison","8%","3.662 (5)",3.662,5,"AK","alaska"
"He'Brew Jewbelation Fourteen","CA, USA","Strong Ale","14%","3.662 (5)",3.662,5,"CA","california"
"Wynkoop Sagebrush Stout","CO, USA","Stout","-","3.662 (5)",3.662,5,"CO","colorado"
"Ommegang Fleur de Houblon","NY, USA","Belgian Ale","6.80%","3.662 (5)",3.662,5,"NY","new york"
"Fort Collins Double Chocolate Stout","CO, USA","Imperial Stout","8.10%","3.660 (12)",3.66,12,"CO","colorado"
"Scuttlebutt Porter","WA, USA","Porter","5.50%","3.660 (7)",3.66,7,"WA","washington"
"Nimbus Palo Verde Pale Ale","AZ, USA","American Pale Ale","5.50%","3.660 (7)",3.66,7,"AZ","arizona"
"5 Seasons North Plan B IPA","GA, USA","IPA","7.30%","3.660 (2)",3.66,2,"GA","georgia"
"Green Man The Demon Dweller","NC, USA","Imperial Stout","10%","3.660 (2)",3.66,2,"NC","north carolina"
"Westbrook Second Anniversary Capn Skoons Ballistic Stout","SC, USA","Baltic Porter","10%","3.660 (2)",3.66,2,"SC","south carolina"
"Deschutes Hop In The Dark Cascadian Dark Ale","OR, USA","American Black Ale","6.50%","3.659 (14)",3.659,14,"OR","oregon"
"North Coast Brother Thelonious","CA, USA","Belgian Strong Ale","9.40%","3.658 (53)",3.658,53,"CA","california"
"Anderson Valley 20th Anniversary Imperial IPA","CA, USA","Imperial IPA","8.70%","3.658 (16)",3.658,16,"CA","california"
"Sprecher Russian Imperial Stout","WI, USA","Imperial Stout","8.50%","3.658 (16)",3.658,16,"WI","wisconsin"
"Stoudts India Pale Ale","PA, USA","IPA","7.50%","3.658 (9)",3.658,9,"PA","pennsylvania"
"Red Brick Winter Brew 2004","GA, USA","Imperial Porter","7.50%","3.658 (9)",3.658,9,"GA","georgia"
"AleSmith Evil Dead Red Ale","CA, USA","English Strong Ale","6.66%","3.658 (9)",3.658,9,"CA","california"
"Foothills People's Porter","NC, USA","Porter","5.80%","3.657 (4)",3.657,4,"NC","north carolina"
"Lost Abbey Framboise de Amorosa","CA, USA","Fruit Lambic","7%","3.657 (4)",3.657,4,"CA","california"
"Odell Woodcut Oak Aged Double Marzen-Style Lager No. 04","CO, USA","Marzen / Oktoberfest","11%","3.657 (4)",3.657,4,"CO","colorado"
"Vintage Alpentraum","WI, USA","Weizenbock","7.30%","3.657 (4)",3.657,4,"WI","wisconsin"
"Midnight Sun M","AK, USA","American Barleywine","11.60%","3.657 (4)",3.657,4,"AK","alaska"
"Pizza Port Broken Keg Ice Bock","CA, USA","Eisbock","15%","3.657 (4)",3.657,4,"CA","california"
"New Glarus Thumbprint Series IIPA","WI, USA","Imperial IPA","9%","3.657 (4)",3.657,4,"WI","wisconsin"
"Victory V-10","PA, USA","Belgian Strong Ale","10%","3.657 (4)",3.657,4,"PA","pennsylvania"
"Flying Fish Big Fish","NJ, USA","American Barleywine","10%","3.657 (4)",3.657,4,"NJ","new jersey"
"Prairie Artisan Ales Bible Belt","OK, USA","Imperial Stout","13%","3.657 (4)",3.657,4,"OK","oklahoma"
"Prairie Artisan Ales Standard","OK, USA","Saison","5.20%","3.657 (4)",3.657,4,"OK","oklahoma"
"Terrapin Midnight Monk","GA, USA","Belgian Strong Ale","9.80%","3.657 (4)",3.657,4,"GA","georgia"
"Southern Tier 2xIPA","NY, USA","Imperial IPA","8.20%","3.656 (24)",3.656,24,"NY","new york"
"Sierra Nevada Ovila Abbey Dubbel","CA, USA","Abbey Dubbel","7.50%","3.656 (13)",3.656,13,"CA","california"
"Southern Tier Heavy Weizen","NY, USA","Hefeweizen","8%","3.655 (8)",3.655,8,"NY","new york"
"Dogfish Head Positive Contact","DE, USA","Fruit Beer","9%","3.655 (8)",3.655,8,"DE","delaware"
"Samuel Adams Black Lager","MA, USA","Schwarzbier","6%","3.654 (106)",3.654,106,"MA","massachusetts"
"Sierra Nevada Stout","CA, USA","Stout","5.80%","3.654 (69)",3.654,69,"CA","california"
"New Belgium Lips of Faith Clutch","CO, USA","Wild Ale","9%","3.654 (10)",3.654,10,"CO","colorado"
"AleSmith Weizenbock","CA, USA","Weizenbock","8.60%","3.654 (9)",3.654,9,"CA","california"
"Sierra Nevada Anniversary Ale","CA, USA","IPA","5.90%","3.653 (47)",3.653,47,"CA","california"
"Sweetwater Festive Ale","GA, USA","Spiced Beer","7.70%","3.653 (34)",3.653,34,"GA","georgia"
"Laughing Dog The Dogfather Imperial Stout","ID, USA","Imperial Stout","10.85%","3.653 (12)",3.653,12,"ID","idaho"
"Dogfish Head Namaste","DE, USA","Witbier","5%","3.653 (12)",3.653,12,"DE","delaware"
"He'Brew Jewbelation Sweet 16","CA, USA","Strong Ale","16%","3.653 (12)",3.653,12,"CA","california"
"Brooklyn Brown Ale","NY, USA","Brown Ale","5.50%","3.652 (73)",3.652,73,"NY","new york"
"Great Lakes Dortmunder Gold","OH, USA","Helles / Dortmunder","5.80%","3.652 (47)",3.652,47,"OH","ohio"
"Stone 05.05.05 Vertical Epic Ale","CA, USA","Belgian Strong Ale","8.50%","3.652 (24)",3.652,24,"CA","california"
"Boulevard Single-Wide I.P.A.","MO, USA","IPA","5.70%","3.652 (24)",3.652,24,"MO","missouri"
"Leinenkugel Big Eddy Russian Imperial Stout","WI, USA","Imperial Stout","9.50%","3.652 (22)",3.652,22,"WI","wisconsin"
"Moylan's Old Blarney Barleywine Style Ale","CA, USA","American Barleywine","10%","3.652 (19)",3.652,19,"CA","california"
"Left Hand Imperial Stout","CO, USA","Imperial Stout","10%","3.650 (43)",3.65,43,"CO","colorado"
"Bear Republic XP Pale Ale","CA, USA","American Pale Ale","5.40%","3.650 (33)",3.65,33,"CA","california"
"Southern Tier Iniquity","NY, USA","American Black Ale","9%","3.650 (23)",3.65,23,"NY","new york"
"Surly Bender","MN, USA","Brown Ale","5.50%","3.650 (22)",3.65,22,"MN","minnesota"
"Anchor Our Special Ale 2003","CA, USA","Spiced Beer","5.50%","3.650 (21)",3.65,21,"CA","california"
"Great Divide Rumble","CO, USA","IPA","7.10%","3.650 (18)",3.65,18,"CO","colorado"
"Tyranena The Devil Made Me Do It Imperial Oatmeal Porter","WI, USA","Imperial Porter","7.50%","3.650 (15)",3.65,15,"WI","wisconsin"
"Dogfish Head 75 Minute IPA","DE, USA","Imperial IPA","7.50%","3.650 (14)",3.65,14,"DE","delaware"
"Samuel Adams Stony Brook Red (Barrel Room Collection)","MA, USA","Wild Ale","7%","3.650 (11)",3.65,11,"MA","massachusetts"
"Boulder Obovoid Empirical Russian Stout","CO, USA","Imperial Stout","7.50%","3.650 (11)",3.65,11,"CO","colorado"
"21st Amendment Monks Blood","CA, USA","Abbey Quadrupel","8.30%","3.650 (9)",3.65,9,"CA","california"
"COOP Native Amber","OK, USA","Amber Ale","6.30%","3.650 (9)",3.65,9,"OK","oklahoma"
"Pizza Port Swami Jo-Mami IPA","CA, USA","IPA","-","3.650 (7)",3.65,7,"CA","california"
"Stone 4th Anniversary IPA","CA, USA","IPA","6.90%","3.650 (7)",3.65,7,"CA","california"
"Nebraska Black Betty Russian Imperial Stout","NE, USA","Imperial Stout","9.30%","3.650 (5)",3.65,5,"NE","nebraska"
"Karl Strauss 22nd Anniversary Vanilla Imperial Stout","CA, USA","Imperial Stout","9%","3.650 (5)",3.65,5,"CA","california"
"Avery Dépuceleuse","CO, USA","Wild Ale","9.73%","3.650 (5)",3.65,5,"CO","colorado"
"Great Lakes Alchemy Hour Double IPA","OH, USA","Imperial IPA","9.40%","3.650 (5)",3.65,5,"OH","ohio"
"Anchor Our Special Ale 2012","CA, USA","Spiced Beer","5.50%","3.650 (5)",3.65,5,"CA","california"
"Cigar City 110K+OT Batch #2 IRIS","FL, USA","Imperial Stout","11.40%","3.650 (3)",3.65,3,"FL","florida"
"Drake's Hopocalypse Black Label Triple IPA","CA, USA","Imperial IPA","12.50%","3.650 (3)",3.65,3,"CA","california"
"Frankenmuth Batch 69 American India Pale Ale","MI, USA","IPA","6.90%","3.650 (3)",3.65,3,"MI","michigan"
"McKenzie Vuuve XXxXX","PA, USA","Imperial IPA","10%","3.650 (3)",3.65,3,"PA","pennsylvania"
"Flying Fish Exit 13","NJ, USA","Foreign / Extra Stout","7.50%","3.650 (3)",3.65,3,"NJ","new jersey"
"Fat Heads Hop JuJu Imperial IPA","OH, USA","Imperial IPA","8.70%","3.650 (3)",3.65,3,"OH","ohio"
"New Glarus Thumbprint Series Wild Sour Ale","WI, USA","Flanders Oude Bruin","5%","3.650 (3)",3.65,3,"WI","wisconsin"
"Sierra Nevada Porter","CA, USA","Porter","5.60%","3.647 (98)",3.647,98,"CA","california"
"Uinta Hop Notch IPA","UT, USA","IPA","7.30%","3.647 (16)",3.647,16,"UT","utah"
"Dogfish Head My Antonia","DE, USA","Imperial Pilsener","7.50%","3.647 (15)",3.647,15,"DE","delaware"
"Lost Abbey Carnevale Ale","CA, USA","Saison","6.50%","3.647 (14)",3.647,14,"CA","california"
"Midnight Sun CoHoHo Imperial IPA","AK, USA","Imperial IPA","8%","3.647 (14)",3.647,14,"AK","alaska"
"Sierra Nevada Kellerweis Hefeweizen","CA, USA","Hefeweizen","4.80%","3.646 (37)",3.646,37,"CA","california"
"Clown Shoes Muffin Top","MA, USA","Belgian Strong Ale","10%","3.646 (10)",3.646,10,"MA","massachusetts"
"Sierra Nevada Pale Ale","CA, USA","American Pale Ale","5.60%","3.645 (188)",3.645,188,"CA","california"
"Allagash Dubbel Reserve","ME, USA","Abbey Dubbel","7%","3.645 (37)",3.645,37,"ME","maine"
"Victory V-12","PA, USA","Belgian Strong Ale","12%","3.645 (31)",3.645,31,"PA","pennsylvania"
"Firestone Walker's Reserve","CA, USA","Porter","5.80%","3.645 (19)",3.645,19,"CA","california"
"Troutbrook Thomas Hooker Hop Meadow IPA","CT, USA","IPA","6.40%","3.645 (17)",3.645,17,"CT","connecticut"
"Weyerbacher Slam Dunkel","PA, USA","Dunkel Weizen","7%","3.645 (8)",3.645,8,"PA","pennsylvania"
"Cisco Baileys Ale","MA, USA","Blonde Ale","7.50%","3.645 (8)",3.645,8,"MA","massachusetts"
"Weyerbacher Quad","PA, USA","Abbey Quadrupel","12.20%","3.644 (31)",3.644,31,"PA","pennsylvania"
"Stone 04.04.04 Vertical Epic Ale","CA, USA","Belgian Strong Ale","8.50%","3.644 (29)",3.644,29,"CA","california"
"Abita Abbey Ale","LA, USA","Abbey Dubbel","8%","3.644 (22)",3.644,22,"LA","louisiana"
"Brewers Art Green Peppercorn Tripel","MD, USA","Spiced Beer","9.20%","3.644 (6)",3.644,6,"MD","maryland"
"Three Floyds Arctic Panzer Wolf","IN, USA","Imperial IPA","9%","3.644 (6)",3.644,6,"IN","indiana"
"Pizza Port Red Square Imperial Stout","CA, USA","Imperial Stout","10.20%","3.644 (6)",3.644,6,"CA","california"
"Ale Asylum Satisfaction Jacksin","WI, USA","Imperial IPA","8.25%","3.644 (6)",3.644,6,"WI","wisconsin"
"Newport Storm 05","RI, USA","Strong Ale","11.70%","3.644 (6)",3.644,6,"RI","rhode island"
"Sierra Nevada / Cigar City Yonder Bock","CA, USA","Bock","7.70%","3.644 (6)",3.644,6,"CA","california"
"Arcadia Hopmouth Double IPA","MI, USA","Imperial IPA","8.10%","3.643 (18)",3.643,18,"MI","michigan"
"Crooked River Settlers Ale ESB","OH, USA","Extra Special Bitter","5.80%","3.643 (11)",3.643,11,"OH","ohio"
"Widmer Brothers Rotator IPA: X-114","OR, USA","IPA","6.20%","3.643 (11)",3.643,11,"OR","oregon"
"Port Brewing Barrel Aged Santas Little Helper","CA, USA","Imperial Stout","10%","3.643 (4)",3.643,4,"CA","california"
"Sierra Nevada Imperial Smoked Porter","CA, USA","Imperial Porter","7.80%","3.643 (4)",3.643,4,"CA","california"
"Weyerbacher Unfiltered Double Simcoe IPA","PA, USA","Imperial IPA","9%","3.643 (4)",3.643,4,"PA","pennsylvania"
"Goose Island Juliet","IL, USA","Wild Ale","6.70%","3.643 (4)",3.643,4,"IL","illinois"
"Heavy Seas Below Decks Cabernet Barrel Aged","MD, USA","English Barleywine","10%","3.643 (4)",3.643,4,"MD","maryland"
"Big River Thick Brick Red Ale","TN, USA","Amber Ale","5%","3.643 (4)",3.643,4,"TN","tennessee"
"Stewarts Bourbon Barleywine","DE, USA","English Barleywine","11.50%","3.643 (4)",3.643,4,"DE","delaware"
"Green Flash Hop Odyssey Black IPA","CA, USA","American Black Ale","7.20%","3.643 (4)",3.643,4,"CA","california"
"Maine Mean Old Tom","ME, USA","Stout","6.50%","3.643 (4)",3.643,4,"ME","maine"
"Boulevard Imperial Stout X  Coffee","MO, USA","Coffee Stout","11%","3.643 (4)",3.643,4,"MO","missouri"
"New Glarus Unplugged Berliner Weiss","WI, USA","Berliner Weisse","-","3.642 (16)",3.642,16,"WI","wisconsin"
"Marin Point Reyes Porter","CA, USA","Porter","6%","3.642 (9)",3.642,9,"CA","california"
"Stegmaier Porter","PA, USA","Porter","-","3.642 (9)",3.642,9,"PA","pennsylvania"
"Tyranena Stickin It To the Man IPA","WI, USA","IPA","6.50%","3.642 (9)",3.642,9,"WI","wisconsin"
"Two Brothers Cane and Ebel","IL, USA","Rye Beer","7%","3.641 (14)",3.641,14,"IL","illinois"
"New Glarus Hop Hearty Ale","WI, USA","IPA","6.10%","3.640 (32)",3.64,32,"WI","wisconsin"
"Victory Yakima Glory","PA, USA","American Black Ale","8.70%","3.640 (18)",3.64,18,"PA","pennsylvania"
"Southampton Biere De Mars","NY, USA","Biere de Garde","6.20%","3.640 (12)",3.64,12,"NY","new york"
"Bottleworks Imagination Series 6th Anniversary Ale","WA, USA","Abbey Quadrupel","11.50%","3.640 (7)",3.64,7,"WA","washington"
"The Alchemist / Ninkasi / Stone More Brown than Black IPA","CA, USA","American Black Ale","7.40%","3.640 (7)",3.64,7,"CA","california"
"New Glarus Unplugged Abt","WI, USA","Abbey Quadrupel","9.60%","3.640 (7)",3.64,7,"WI","wisconsin"
"McKenzie 5 Czars Imperial Stout","PA, USA","Imperial Stout","9.30%","3.640 (7)",3.64,7,"PA","pennsylvania"
"Anchor Our Special Ale 2013","CA, USA","Spiced Beer","5.50%","3.640 (7)",3.64,7,"CA","california"
"Titletown Bourbon Legend Barleywine","WI, USA","American Barleywine","9%","3.640 (2)",3.64,2,"WI","wisconsin"
"Valley Brew Stockton Sour (Phils Wild Mild)","CA, USA","Wild Ale","4%","3.640 (2)",3.64,2,"CA","california"
"Dark Horse Bourbon Barrel Plead the 5th Imperial Stout","MI, USA","Imperial Stout","10%","3.640 (2)",3.64,2,"MI","michigan"
"Clown Shoes Very Angry Beast","MA, USA","Imperial Stout","11.50%","3.640 (2)",3.64,2,"MA","massachusetts"
"Goose Island IPA","IL, USA","IPA","5.90%","3.639 (69)",3.639,69,"IL","illinois"
"Anchor Our Special Ale 2002","CA, USA","Spiced Beer","5.50%","3.638 (27)",3.638,27,"CA","california"
"Bar Harbor Cadillac Mountain Stout","ME, USA","Dry Stout","5%","3.638 (10)",3.638,10,"ME","maine"
"Allagash Musette","ME, USA","Scottish Ale","10%","3.637 (16)",3.637,16,"ME","maine"
"JailHouse Breakout Stout","GA, USA","Stout","7.80%","3.637 (5)",3.637,5,"GA","georgia"
"Hawks DMs Imperial Stout","OR, USA","Imperial Stout","9.90%","3.637 (5)",3.637,5,"OR","oregon"
"Deschutes Bond Street Hop Henge","OR, USA","IPA","7.50%","3.637 (5)",3.637,5,"OR","oregon"
"Green Man Porter","NC, USA","Porter","5.60%","3.637 (5)",3.637,5,"NC","north carolina"
"The Bruery Coton","CA, USA","Old Ale","14.50%","3.637 (5)",3.637,5,"CA","california"
"Stone Delicious IPA","CA, USA","Imperial IPA","8.30%","3.637 (5)",3.637,5,"CA","california"
"Stone Spröcketbier","CA, USA","Rye Beer","5.40%","3.637 (5)",3.637,5,"CA","california"
"Rogue Double Dead Guy Ale","OR, USA","Strong Ale","9.50%","3.636 (30)",3.636,30,"OR","oregon"
"Tabernash Rye Bock","CO, USA","Doppelbock","8.10%","3.636 (8)",3.636,8,"CO","colorado"
"Schlafly Special Release Pumpkin Ale","MO, USA","Spiced Beer","8%","3.636 (8)",3.636,8,"MO","missouri"
"Nebraska Chardonnay French Oak Melange A Trois","NE, USA","Belgian Strong Ale","10%","3.636 (8)",3.636,8,"NE","nebraska"
"Boulder Mojo Risin Double IPA","CO, USA","Imperial IPA","10%","3.635 (17)",3.635,17,"CO","colorado"
"Capital Autumnal Fire","WI, USA","Doppelbock","7.80%","3.634 (33)",3.634,33,"WI","wisconsin"
"Three Floyds Fantabulous Resplendence","IN, USA","Strong Ale","10.50%","3.633 (9)",3.633,9,"IN","indiana"
"Cooperstown Benchwarmer","NY, USA","Porter","6.30%","3.633 (9)",3.633,9,"NY","new york"
"New Belgium Lips of Faith Le Fleur Misseur","CO, USA","Belgian Ale","6.20%","3.633 (9)",3.633,9,"CO","colorado"
"Russian River IPA","CA, USA","IPA","6.50%","3.633 (9)",3.633,9,"CA","california"
"Captain Lawrence Captains Reserve Imperial IPA","NY, USA","Imperial IPA","8%","3.633 (9)",3.633,9,"NY","new york"
"Rogue Charlie 1981","OR, USA","Strong Ale","8.50%","3.633 (9)",3.633,9,"OR","oregon"
"Stone Go To IPA","CA, USA","IPA","4.50%","3.633 (9)",3.633,9,"CA","california"
"Rogue Farms 7 Hop IPA","OR, USA","Imperial IPA","8.02%","3.633 (9)",3.633,9,"OR","oregon"
"Pizza Port Bombshell Barleywine","CA, USA","American Barleywine","9.80%","3.633 (6)",3.633,6,"CA","california"
"Real Ale Shade Grown Coffee Porter","TX, USA","Porter","-","3.633 (6)",3.633,6,"TX","texas"
"General Lafayette Imperial Stout","PA, USA","Imperial Stout","8.90%","3.633 (6)",3.633,6,"PA","pennsylvania"
"Russian River Depuration","CA, USA","Blonde Ale","7%","3.633 (6)",3.633,6,"CA","california"
"Iron Hill Lambic","DE, USA","Unblended Lambic","5.20%","3.633 (3)",3.633,3,"DE","delaware"
"The Bruery The Wanderer","CA, USA","Wild Ale","8%","3.633 (3)",3.633,3,"CA","california"
"Cigar City Humidor Series Marshal Zhukovs Imperial Stout","FL, USA","Imperial Stout","11%","3.633 (3)",3.633,3,"FL","florida"
"Thomas Creek Banana Split Chocolate Stout","SC, USA","Milk Stout","7.50%","3.633 (3)",3.633,3,"SC","south carolina"
"Terrapin Side Project Volume 13: Big Daddy Vlady's Russian Imperial Stout","GA, USA","Imperial Stout","10.25%","3.633 (3)",3.633,3,"GA","georgia"
"Titletown Hop Monster","WI, USA","Imperial IPA","9.20%","3.633 (3)",3.633,3,"WI","wisconsin"
"Real Ale / 3 Floyds / Surly Blakkr Imperial Black Ale","TX, USA","American Black Ale","9%","3.633 (3)",3.633,3,"TX","texas"
"Samuel Adams Whitewater IPA","MA, USA","IPA","5.80%","3.632 (16)",3.632,16,"MA","massachusetts"
"Grand Teton Black Cauldron Imperial Stout","ID, USA","Imperial Stout","7.50%","3.631 (13)",3.631,13,"ID","idaho"
"Surly CynicAle","MN, USA","Saison","6.60%","3.630 (20)",3.63,20,"MN","minnesota"
"Central Waters Illumination Double IPA","WI, USA","Imperial IPA","9%","3.630 (7)",3.63,7,"WI","wisconsin"
"Speakeasy Payback Porter","CA, USA","Imperial Porter","7.50%","3.630 (7)",3.63,7,"CA","california"
"Ringneck Olde 21 Imperial IPA","OH, USA","Imperial IPA","8.50%","3.630 (7)",3.63,7,"OH","ohio"
"He'Brew Jewbelation Fifteen","CA, USA","Strong Ale","15%","3.630 (7)",3.63,7,"CA","california"
"Goose Island Pere Jacques","IL, USA","Belgian Strong Ale","9%","3.629 (38)",3.629,38,"IL","illinois"
"Eel River Organic Triple Exultation","CA, USA","Old Ale","9.70%","3.629 (14)",3.629,14,"CA","california"
"Allagash Victor","ME, USA","Belgian Strong Ale","9.30%","3.629 (14)",3.629,14,"ME","maine"
"Ommegang Game of Thrones #2 - Take the Black Stout","NY, USA","Stout","7%","3.629 (14)",3.629,14,"NY","new york"
"Ballast Point Tongue Buckler","CA, USA","Amber Ale","6.40%","3.629 (11)",3.629,11,"CA","california"
"Chatoe Rogue Pumpkin Patch Ale","OR, USA","Spiced Beer","6%","3.629 (11)",3.629,11,"OR","oregon"
"Big Sky Ivan the Terrible Imperial Stout","MT, USA","Imperial Stout","10%","3.629 (4)",3.629,4,"MT","montana"
"Iron Hill Wee Heavy","DE, USA","Scottish Ale","-","3.629 (4)",3.629,4,"DE","delaware"
"Walking Man Black Cherry Stout","WA, USA","Fruit Stout","7.20%","3.629 (4)",3.629,4,"WA","washington"
"Thunderhead Dry Stout","NE, USA","Dry Stout","-","3.629 (4)",3.629,4,"NE","nebraska"
"Terrapin Oaked Big Hoppy Monster","GA, USA","Imperial IPA","9.10%","3.629 (4)",3.629,4,"GA","georgia"
"The Bruery Filmishmish","CA, USA","Wild Ale","5.80%","3.629 (4)",3.629,4,"CA","california"
"Sierra Nevada Barrel Aged Life & Limb","CA, USA","Strong Ale","10.20%","3.629 (4)",3.629,4,"CA","california"
"Sierra Nevada Ovila Golden","CA, USA","Belgian Strong Ale","8.50%","3.629 (4)",3.629,4,"CA","california"
"Sixpoint Hi-Res","NY, USA","Imperial IPA","11.10%","3.629 (4)",3.629,4,"NY","new york"
"Hoppin' Frog Silk Porter","OH, USA","Porter","6.20%","3.627 (8)",3.627,8,"OH","ohio"
"New Belgium Lips of Faith Dark Kriek","CO, USA","Fruit Beer","8%","3.627 (8)",3.627,8,"CO","colorado"
"Ommegang Game Of Thrones #4 - Valar Morghulis","NY, USA","Abbey Dubbel","8%","3.627 (8)",3.627,8,"NY","new york"
"Schlafly Oatmeal Stout","MO, USA","Oatmeal Stout","5.70%","3.626 (20)",3.626,20,"MO","missouri"
"Sweetwater Exodus Porter","GA, USA","Porter","6.20%","3.625 (25)",3.625,25,"GA","georgia"
"Lagunitas 2009 Correction ale","CA, USA","IPA","6.33%","3.625 (13)",3.625,13,"CA","california"
"New Glarus Unplugged Bohemian Lager","WI, USA","Bohemian / Czech Pilsener","-","3.625 (9)",3.625,9,"WI","wisconsin"
"Samuel Adams The Vixen Chocolate Chili Bock","MA, USA","Spiced Beer","8.50%","3.625 (9)",3.625,9,"MA","massachusetts"
