category,categoryDisplay,id,name,status
hop,Hops,1,Admiral,
hop,Hops,2,Aged / Debittered Hops (Lambic),
hop,Hops,3,Ahtanum,
hop,Hops,4,Amarillo,
hop,Hops,5,Amarillo Gold,
hop,Hops,6,Apollo,
hop,Hops,7,Aquila,
hop,Hops,8,Argentine Cascade,
hop,Hops,9,Aurora,
hop,Hops,10,Auscha (Saaz),
hop,Hops,11,Goldings,
hop,Hops,12,Banner,
hop,Hops,13,Boadicea,
hop,Hops,14,Bobek,
hop,Hops,15,Bor,
hop,Hops,16,Bramling Cross,
hop,Hops,17,Bravo,
hop,Hops,18,Brewer's Gold,
hop,Hops,19,Bullion,
hop,Hops,20,California Ivanhoe,
hop,Hops,21,Calypso,
hop,Hops,22,Cascade,
hop,Hops,23,Celeia,
hop,Hops,24,Centennial,
hop,Hops,25,Challenger,
hop,Hops,26,Chinook,
hop,Hops,27,Citra,
hop,Hops,28,Cluster,
hop,Hops,29,Columbia,
hop,Hops,30,Columbus,
hop,Hops,31,Columbus (Tomahawk),
hop,Hops,32,Comet,
hop,Hops,33,Crystal,
hop,Hops,34,Czech Saaz,
hop,Hops,35,Delta,
hop,Hops,36,East Kent Goldings,
hop,Hops,37,El Dorado,
hop,Hops,38,Eroica,
hop,Hops,39,Experimental 946,
hop,Hops,40,Falconer's Flight,
hop,Hops,41,First Gold,
hop,Hops,42,French Strisserspalt,
hop,Hops,43,Fuggles,
hop,Hops,44,Galaxy,
hop,Hops,45,Galena,
hop,Hops,46,German Magnum,
hop,Hops,47,German Opal,
hop,Hops,48,German Perle,
hop,Hops,49,German Select,
hop,Hops,50,German Tradition,
hop,Hops,51,Glacier,
hop,Hops,55,Green Bullet,
hop,Hops,57,Hallertauer,
hop,Hops,58,Hallertauer Hersbrucker,
hop,Hops,59,Hallertauer Mittelfrueh,
hop,Hops,60,Hallertauer Perle,
hop,Hops,61,Hallertauer Select,
hop,Hops,62,Hallertauer Tradition,
hop,Hops,66,Hallertauer Northern Brewer,
hop,Hops,67,Hallertauer New Zealand,
hop,Hops,68,Heirloom,
hop,Hops,69,Herald,
hop,Hops,71,Hop Shot,
hop,Hops,72,Horizon,
hop,Hops,73,Huller Bitterer,
hop,Hops,74,Junga,
hop,Hops,75,Kent Goldings,
hop,Hops,76,Lexy Green C4,
hop,Hops,77,Liberty,
hop,Hops,78,Lublin,
hop,Hops,79,Magnum,
hop,Hops,80,Marco Polo,
hop,Hops,81,Marynka,
hop,Hops,82,Millenium,
hop,Hops,83,Motueka,
hop,Hops,84,Mt. Hood,
hop,Hops,85,Mt. Rainier,
hop,Hops,86,Nelson Sauvin,
hop,Hops,87,Newport,
hop,Hops,88,Northdown,
hop,Hops,89,Northern Brewer,
hop,Hops,90,Nugget,
hop,Hops,91,Olympic,
hop,Hops,92,Omega,
hop,Hops,93,Orion,
hop,Hops,94,Pacific Gem,
hop,Hops,95,Pacific Jade,
hop,Hops,96,Pacifica,
hop,Hops,97,Palisades,
hop,Hops,98,Perle,
hop,Hops,100,Phoenix,
hop,Hops,101,PIKE,
hop,Hops,102,Pilgrim,
hop,Hops,103,Pioneer,
hop,Hops,104,Premiant,
hop,Hops,105,Premiant (Saaz),
hop,Hops,106,Pride of Ringwood,
hop,Hops,107,Progress,
hop,Hops,108,Rakau,
hop,Hops,109,Record,
hop,Hops,110,Revolution,
hop,Hops,111,Riwaka NZ,
hop,Hops,113,Saaz,
hop,Hops,114,Santiam,
hop,Hops,115,Saphir (German Organic),
hop,Hops,116,Satus,
hop,Hops,117,Spalt Select,
hop,Hops,118,Simcoe,
hop,Hops,120,Sladek (Saaz),
hop,Hops,121,Sonnet,
hop,Hops,122,Sorachi Ace,
hop,Hops,123,Southern Cross,
hop,Hops,124,Southern Promise,
hop,Hops,125,Sovereign,
hop,Hops,126,Spalt,
hop,Hops,128,Spalter,
hop,Hops,130,Sterling,
hop,Hops,131,Sticklebract,
hop,Hops,132,Strisselspalt,
hop,Hops,133,Styrian Aurora,
hop,Hops,134,Styrian Goldings,
hop,Hops,135,Summit,
hop,Hops,136,Sun,
hop,Hops,137,Super Alpha,
hop,Hops,138,Super Galena,
hop,Hops,139,Super Styrians,
hop,Hops,140,Sybilla,
hop,Hops,141,Talisman,
hop,Hops,142,Target,
hop,Hops,143,Tettnanger,
hop,Hops,145,Tomahawk,
hop,Hops,146,Topaz,
hop,Hops,147,Tradition,
hop,Hops,148,Trschitz (Saaz),
hop,Hops,149,Ultra,
hop,Hops,154,Vanguard,
hop,Hops,155,Warrior,
hop,Hops,156,Whitbread Golding,
hop,Hops,157,Willamette,
hop,Hops,158,Wye Target,
hop,Hops,159,Yakima Cluster,
hop,Hops,160,Yakima Goldings,
hop,Hops,161,Yakima Magnum,
hop,Hops,162,Yeoman,
hop,Hops,163,Zenith,
hop,Hops,164,Zeus,
malt,"Malts, Grains & Fermentables",165,Abbey Malt,
malt,"Malts, Grains & Fermentables",166,Acidulated Malt,
malt,"Malts, Grains & Fermentables",171,Sugar (Albion),
malt,"Malts, Grains & Fermentables",172,Munich Malt - Smoked,
malt,"Malts, Grains & Fermentables",181,Amber Malt,
malt,"Malts, Grains & Fermentables",184,Barley - Black,
malt,"Malts, Grains & Fermentables",186,Black Roast,
malt,"Malts, Grains & Fermentables",202,Two-Row Pale Malt - Toasted,
malt,"Malts, Grains & Fermentables",209,Aromatic Malt,
malt,"Malts, Grains & Fermentables",214,Barley - Hulls,
malt,"Malts, Grains & Fermentables",217,Barley - Raw,
malt,"Malts, Grains & Fermentables",218,Barley - Torrefied,
malt,"Malts, Grains & Fermentables",231,Coffee Malt - Light,
malt,"Malts, Grains & Fermentables",234,Pale Malt,
malt,"Malts, Grains & Fermentables",246,Biscuit Malt,
malt,"Malts, Grains & Fermentables",247,Black Malt,
malt,"Malts, Grains & Fermentables",254,Black Treacle,
malt,"Malts, Grains & Fermentables",267,Mild Malt,
malt,"Malts, Grains & Fermentables",270,Black Malt - Organic,
malt,"Malts, Grains & Fermentables",271,Blackprinz Malt,
malt,"Malts, Grains & Fermentables",272,Bonlander,
malt,"Malts, Grains & Fermentables",273,CaraBrown,
malt,"Malts, Grains & Fermentables",278,Caramel/Crystal Malt 30L,
malt,"Malts, Grains & Fermentables",292,Cherrywood Smoke Malt,
malt,"Malts, Grains & Fermentables",302,Barley - Lightly Roasted,
malt,"Malts, Grains & Fermentables",306,Two-Row Pale Malt - Organic,
malt,"Malts, Grains & Fermentables",307,CaraPils/Dextrin Malt - Organic,
malt,"Malts, Grains & Fermentables",308,Chocolate Malt - Organic,
malt,"Malts, Grains & Fermentables",310,Munich Malt - Organic,
malt,"Malts, Grains & Fermentables",326,Caramel/Crystal Malt 135L,
malt,"Malts, Grains & Fermentables",327,Caramel/Crystal Malt 25L,
malt,"Malts, Grains & Fermentables",329,Caramel/Crystal Malt 65L,
malt,"Malts, Grains & Fermentables",338,Brown Malt,
malt,"Malts, Grains & Fermentables",339,Brown Sugar,
malt,"Malts, Grains & Fermentables",362,Caramel/Crystal Malt 20L,
malt,"Malts, Grains & Fermentables",364,Caramel/Crystal Malt - Gold,
malt,"Malts, Grains & Fermentables",365,CaraPils/Dextrin Malt,
malt,"Malts, Grains & Fermentables",366,CaraAmber,
malt,"Malts, Grains & Fermentables",367,CaraAroma,
malt,"Malts, Grains & Fermentables",368,CaraBelge,
malt,"Malts, Grains & Fermentables",369,CaraBohemian,
malt,"Malts, Grains & Fermentables",370,Carafa I,
malt,"Malts, Grains & Fermentables",371,Carafa II,
malt,"Malts, Grains & Fermentables",372,Carafa III,
malt,"Malts, Grains & Fermentables",376,CaraFoam,
malt,"Malts, Grains & Fermentables",378,Caramel/Crystal Malt,
malt,"Malts, Grains & Fermentables",382,Caramel/Crystal Malt 10L,
malt,"Malts, Grains & Fermentables",385,Caramel/Crystal Malt 40L,
malt,"Malts, Grains & Fermentables",386,Caramel/Crystal Malt 60L,
malt,"Malts, Grains & Fermentables",387,Caramel/Crystal Malt 80L,
malt,"Malts, Grains & Fermentables",388,Caramel/Crystal Malt 120L,
malt,"Malts, Grains & Fermentables",390,CaraMunich I,
malt,"Malts, Grains & Fermentables",391,CaraMunich II,
malt,"Malts, Grains & Fermentables",392,CaraMunich III,
malt,"Malts, Grains & Fermentables",393,CaraMunich 20L,
malt,"Malts, Grains & Fermentables",394,CaraMunich 40L,
malt,"Malts, Grains & Fermentables",395,CaraMunich 60L,
malt,"Malts, Grains & Fermentables",396,CaraRed,
malt,"Malts, Grains & Fermentables",397,CaraRye,
malt,"Malts, Grains & Fermentables",398,CaraStan,
malt,"Malts, Grains & Fermentables",399,CaraVienne Malt,
malt,"Malts, Grains & Fermentables",401,CaraWheat,
malt,"Malts, Grains & Fermentables",419,Munich Malt - Light,
malt,"Malts, Grains & Fermentables",420,Munich Wheat,
malt,"Malts, Grains & Fermentables",422,Peated Malt - Smoked,
malt,"Malts, Grains & Fermentables",423,Pilsner 2RS,
malt,"Malts, Grains & Fermentables",427,Cherry Smoked,
malt,"Malts, Grains & Fermentables",428,Chestnuts,
malt,"Malts, Grains & Fermentables",429,Chocolate Malt,
malt,"Malts, Grains & Fermentables",434,Chocolate Rye Malt,
malt,"Malts, Grains & Fermentables",437,Chocolate Wheat Malt,
malt,"Malts, Grains & Fermentables",439,Coffee Malt,
malt,"Malts, Grains & Fermentables",452,Corn Sugar/Dextrose,
malt,"Malts, Grains & Fermentables",455,Cornmeal,
malt,"Malts, Grains & Fermentables",471,Caramel/Crystal Malt 100L,
malt,"Malts, Grains & Fermentables",473,Caramel/Crystal Malt 110L,
malt,"Malts, Grains & Fermentables",476,Caramel/Crystal Malt 150L,
malt,"Malts, Grains & Fermentables",477,Caramel/Crystal Malt 15L,
malt,"Malts, Grains & Fermentables",478,Caramel/Crystal Malt 200L,
malt,"Malts, Grains & Fermentables",481,Caramel/Crystal Malt 45L,
malt,"Malts, Grains & Fermentables",482,Caramel/Crystal Malt 55L,
malt,"Malts, Grains & Fermentables",483,Caramel/Crystal Malt 5L,
malt,"Malts, Grains & Fermentables",485,Caramel/Crystal Malt 75L,
malt,"Malts, Grains & Fermentables",487,Caramel/Crystal Malt 90L,
malt,"Malts, Grains & Fermentables",492,Dark Chocolate,
malt,"Malts, Grains & Fermentables",501,Black Malt - Debittered,
malt,"Malts, Grains & Fermentables",504,Dememera Sugar,
malt,"Malts, Grains & Fermentables",507,Caramel/Crystal Malt 8L,
malt,"Malts, Grains & Fermentables",509,Pale Wheat,
malt,"Malts, Grains & Fermentables",519,Caramel/Crystal Malt 145L,
malt,"Malts, Grains & Fermentables",521,Caramel/Crystal Malt 50L,
malt,"Malts, Grains & Fermentables",522,Caramel/Crystal Malt 70L,
malt,"Malts, Grains & Fermentables",523,Caramel/Crystal Malt 95L,
malt,"Malts, Grains & Fermentables",525,Palev,
malt,"Malts, Grains & Fermentables",531,Extra Special Malt,
malt,"Malts, Grains & Fermentables",532,Corn - Field,
malt,"Malts, Grains & Fermentables",534,Barley - Flaked,
malt,"Malts, Grains & Fermentables",535,Corn - Flaked,
malt,"Malts, Grains & Fermentables",536,Oats - Flaked,
malt,"Malts, Grains & Fermentables",538,Rye - Flaked,
malt,"Malts, Grains & Fermentables",539,Wheat - Flaked,
malt,"Malts, Grains & Fermentables",541,CaraMunich 120L,
malt,"Malts, Grains & Fermentables",542,CaraMunich 80L,
malt,"Malts, Grains & Fermentables",544,Munich Malt 40L,
malt,"Malts, Grains & Fermentables",550,Fructose,
malt,"Malts, Grains & Fermentables",552,Munich Malt - Dark,
malt,"Malts, Grains & Fermentables",555,Pale Malt - Organic,
malt,"Malts, Grains & Fermentables",564,Caramel/Crystal Malt - Dark,
malt,"Malts, Grains & Fermentables",566,Caramel/Crystal Malt - Light,
malt,"Malts, Grains & Fermentables",567,Munich Malt 5L,
malt,"Malts, Grains & Fermentables",575,Wheat Malt - Light,
malt,"Malts, Grains & Fermentables",578,Glucose,
malt,"Malts, Grains & Fermentables",579,Oats - Golden Naked,
malt,"Malts, Grains & Fermentables",580,Golden Promise,
malt,"Malts, Grains & Fermentables",588,Honey,
malt,"Malts, Grains & Fermentables",589,Honey Malt,
malt,"Malts, Grains & Fermentables",618,Maltodextrin,
malt,"Malts, Grains & Fermentables",619,Maltoferm,
malt,"Malts, Grains & Fermentables",620,Maltose,
malt,"Malts, Grains & Fermentables",624,Maple Syrup,
malt,"Malts, Grains & Fermentables",626,Melanoidin Malt,
malt,"Malts, Grains & Fermentables",632,Lactose,
malt,"Malts, Grains & Fermentables",633,Millet,
malt,"Malts, Grains & Fermentables",650,Munich Malt,
malt,"Malts, Grains & Fermentables",651,Munich Malt 10L,
malt,"Malts, Grains & Fermentables",652,Munich Malt 20L,
malt,"Malts, Grains & Fermentables",692,Oats - Malted,
malt,"Malts, Grains & Fermentables",696,Oats - Steel Cut (Pinhead Oats),
malt,"Malts, Grains & Fermentables",697,Pale Malt - Optic,
malt,"Malts, Grains & Fermentables",701,Pale Chocolate Malt,
malt,"Malts, Grains & Fermentables",709,Pale Malt - Golden Promise,
malt,"Malts, Grains & Fermentables",711,Palm Sugar,
malt,"Malts, Grains & Fermentables",717,Pearl Malt,
malt,"Malts, Grains & Fermentables",718,Peated Malt,
malt,"Malts, Grains & Fermentables",719,Piloncillo,
malt,"Malts, Grains & Fermentables",720,Two-Row Pilsner Malt,
malt,"Malts, Grains & Fermentables",724,Pilsner Malt,
malt,"Malts, Grains & Fermentables",738,Wheat Malt - Red,
malt,"Malts, Grains & Fermentables",745,Wheat - Raw,
malt,"Malts, Grains & Fermentables",747,Rice - Hulls,
malt,"Malts, Grains & Fermentables",748,Rice - Flaked,
malt,"Malts, Grains & Fermentables",750,Rice - Red,
malt,"Malts, Grains & Fermentables",751,Rice - White,
malt,"Malts, Grains & Fermentables",753,Barley - Roasted,
malt,"Malts, Grains & Fermentables",757,Buckwheat - Roasted,
malt,"Malts, Grains & Fermentables",758,Hazelnut - Roasted,
malt,"Malts, Grains & Fermentables",760,Sorghum - Roasted,
malt,"Malts, Grains & Fermentables",761,Oats - Rolled,
malt,"Malts, Grains & Fermentables",766,Rye Malt,
malt,"Malts, Grains & Fermentables",769,Scottish Malt,
malt,"Malts, Grains & Fermentables",777,Caramel/Crystal Malt - Extra Dark,
malt,"Malts, Grains & Fermentables",780,Caramel/Crystal Malt - Heritage,
malt,"Malts, Grains & Fermentables",781,Caramel/Crystal Malt - Medium,
malt,"Malts, Grains & Fermentables",784,Two-Row Pale Malt - Smoked,
malt,"Malts, Grains & Fermentables",785,Smoked Malt,
malt,"Malts, Grains & Fermentables",786,Wheat Malt - Smoked,
malt,"Malts, Grains & Fermentables",790,Special B Malt,
malt,"Malts, Grains & Fermentables",791,Special Roast,
malt,"Malts, Grains & Fermentables",792,Spelt Malt,
malt,"Malts, Grains & Fermentables",802,Toasted Malt,
malt,"Malts, Grains & Fermentables",804,Wheat - Toasted,
malt,"Malts, Grains & Fermentables",806,Treacle,
malt,"Malts, Grains & Fermentables",809,Six-Row Pale Malt,
malt,"Malts, Grains & Fermentables",813,Victory Malt,
malt,"Malts, Grains & Fermentables",814,Vienna Malt,
malt,"Malts, Grains & Fermentables",828,CaraHell,
malt,"Malts, Grains & Fermentables",839,Munich Malt - Type I,
malt,"Malts, Grains & Fermentables",840,Munich Malt - Type II,
malt,"Malts, Grains & Fermentables",850,Vienna Red,
malt,"Malts, Grains & Fermentables",854,Wheat Malt,
malt,"Malts, Grains & Fermentables",857,Wheat Malt - Dark,
malt,"Malts, Grains & Fermentables",860,Wheat - Red,
malt,"Malts, Grains & Fermentables",861,Wheat - Roasted,
malt,"Malts, Grains & Fermentables",862,Wheat - Torrified,
malt,"Malts, Grains & Fermentables",865,Wheat Malt - White,
misc,Miscellaneous,876,Acid Blend,
misc,Miscellaneous,877,Agardhs Red Weed Gel,
misc,Miscellaneous,878,Agardhs Red Weed Powder,
misc,Miscellaneous,879,Agave Sweetener,
misc,Miscellaneous,880,Alehoof,
misc,Miscellaneous,881,Alexander's Muscat Grape Juice,
misc,Miscellaneous,882,Allspice,
misc,Miscellaneous,883,Almond,
misc,Miscellaneous,884,Almond Extract,
misc,Miscellaneous,885,Amchoor Powder,
misc,Miscellaneous,886,Amphora,
misc,Miscellaneous,887,Amylase Enzyme,
misc,Miscellaneous,888,Amyloglucosidase Enzyme,
misc,Miscellaneous,889,Anaheim Peppers,
misc,Miscellaneous,890,Ancho Chili,
misc,Miscellaneous,891,Ancho Chili Tea,
misc,Miscellaneous,892,Ancho Powder,
misc,Miscellaneous,893,Angelica,
misc,Miscellaneous,894,Anise Seed,
misc,Miscellaneous,895,"Anise, Star",
misc,Miscellaneous,896,"Anise, Whole Stars",
misc,Miscellaneous,897,"Anti-Foam, Dow Corning FG-10",
misc,Miscellaneous,898,apple brandy barrel,
misc,Miscellaneous,899,Apple Cider,
misc,Miscellaneous,900,Apple Extract,
misc,Miscellaneous,901,Apple Fruit Flavoring,
misc,Miscellaneous,902,Apple Jacks Cereal,
misc,Miscellaneous,903,Apple Juice,
misc,Miscellaneous,904,Apple Juice Concentrate,
misc,Miscellaneous,905,Apple Puree,
misc,Miscellaneous,906,"Apples, dried",
misc,Miscellaneous,907,"Apples, fresh",
misc,Miscellaneous,908,"Apples, Granny Smith",
misc,Miscellaneous,909,Applewood Chips,
misc,Miscellaneous,910,Apricot Extract,
misc,Miscellaneous,911,Apricot Fruit Flavoring,
misc,Miscellaneous,912,Apricot Puree,
misc,Miscellaneous,913,"Apricots, dried",
misc,Miscellaneous,914,"Apricots, fresh",
misc,Miscellaneous,915,Ascorbic Acid,
misc,Miscellaneous,916,Asian Pear,
misc,Miscellaneous,917,Asparagus,
misc,Miscellaneous,918,Bacon Infused Bourbon,
misc,Miscellaneous,919,"Bacon, cooked",
misc,Miscellaneous,920,"Bacon, dried/cured",
misc,Miscellaneous,921,Baking Soda,
misc,Miscellaneous,922,Balinese Long Pepper,
misc,Miscellaneous,923,Banana,
misc,Miscellaneous,924,Banana Extract,
misc,Miscellaneous,925,"Basil, Sweet",
misc,Miscellaneous,926,"Basil, Thai",
misc,Miscellaneous,927,Bay Leaf,
misc,Miscellaneous,928,Beach Plums,
misc,Miscellaneous,929,Beano Tablet,
misc,Miscellaneous,930,Bee Balm (Monarda ),
misc,Miscellaneous,931,Bee Pollen,
misc,Miscellaneous,932,Beech Chips,
misc,Miscellaneous,933,Beef Bouillon,
misc,Miscellaneous,934,"Beer, Bottle Dregs",
misc,Miscellaneous,935,Beets,
misc,Miscellaneous,936,Belgian Candi Sugar,
misc,Miscellaneous,937,Bentonite,
misc,Miscellaneous,938,Bergamot Orange Peel,
misc,Miscellaneous,939,Bilberry,
misc,Miscellaneous,940,Black Cardamom,
misc,Miscellaneous,941,Black Cherry,
misc,Miscellaneous,942,Black Cherry Bourbon (Jim Beam),
misc,Miscellaneous,943,Black Cherry Extract,
misc,Miscellaneous,944,Black Currant Extract,
misc,Miscellaneous,945,Black Mamba Hot Sauce,
misc,Miscellaneous,946,Black Peppercorn,
misc,Miscellaneous,947,Black Vodka - Blavod,
misc,Miscellaneous,948,black-eyed peas,
misc,Miscellaneous,949,Blackberries,
misc,Miscellaneous,950,Blackberry Extract,
misc,Miscellaneous,951,Blackberry Fruit Flavoring,
misc,Miscellaneous,952,Blackcurrants,
misc,Miscellaneous,953,Blood Orange Zest,
misc,Miscellaneous,954,Blue Lily Flowers,
misc,Miscellaneous,955,Blue Lotus Petals,
misc,Miscellaneous,956,Blueberries,
misc,Miscellaneous,957,"Blueberries, dried",
misc,Miscellaneous,958,Blueberry Extract,
misc,Miscellaneous,959,Blueberry Fruit Flavoring,
misc,Miscellaneous,960,Blueberry Puree,
misc,Miscellaneous,961,Bog Myrtle,
misc,Miscellaneous,962,Bottle Caps,
misc,Miscellaneous,963,Bourbon,
misc,Miscellaneous,964,Bourbon Barrel Chips,
misc,Miscellaneous,965,Boysenberry,
misc,Miscellaneous,966,Boysenberry Natural Fruit Flavor,
misc,Miscellaneous,967,Brandy,
misc,Miscellaneous,968,Brown Sugar,
misc,Miscellaneous,969,Burdock,
misc,Miscellaneous,970,Burton Water Salts,
misc,Miscellaneous,971,Butter,
misc,Miscellaneous,972,Butternut Squash,
misc,Miscellaneous,973,Butterscotch Extract,
misc,Miscellaneous,974,Cacao Nibs,
misc,Miscellaneous,975,Calabaza,
misc,Miscellaneous,976,Calcium Carbonate,
misc,Miscellaneous,977,Calcium Chloride,
misc,Miscellaneous,978,Campden Tablet,
misc,Miscellaneous,979,candi sugar soft brown,
misc,Miscellaneous,980,Candied Ginger,
misc,Miscellaneous,981,"Candy Sugar, Clear",
misc,Miscellaneous,982,Cane Sugar,
misc,Miscellaneous,983,cantaloupe,
misc,Miscellaneous,984,Cara Cara Orange,
misc,Miscellaneous,985,Cara Cara Orange Zest,
misc,Miscellaneous,986,Caramel,
misc,Miscellaneous,987,Caramel Coloring,
misc,Miscellaneous,988,Caraway Seed,
misc,Miscellaneous,989,Cardamom,
misc,Miscellaneous,990,Cardamom Seed,
misc,Miscellaneous,991,"Cardamom, brown",
misc,Miscellaneous,992,"Cardamom, Whole Green",
misc,Miscellaneous,993,Carraway Seeds,
misc,Miscellaneous,994,Carrot Juice,
misc,Miscellaneous,995,Cascade Hops,
misc,Miscellaneous,996,Cashews,
misc,Miscellaneous,997,Cayenne Powder,
misc,Miscellaneous,998,Celery Seed,
misc,Miscellaneous,999,Chai,
misc,Miscellaneous,1000,Chai Tea,
misc,Miscellaneous,1001,Chalk (CaCO3),
misc,Miscellaneous,1002,Chamomile,
misc,Miscellaneous,1003,Champagne Yeast,
misc,Miscellaneous,1004,Cheddar-Infused Vodka,
misc,Miscellaneous,1005,"Cheese, Parmesan",
misc,Miscellaneous,1006,Cherries,
misc,Miscellaneous,1007,"Cherries, dried",
misc,Miscellaneous,1008,"Cherries, Frozen",
misc,Miscellaneous,1009,"Cherries, Rainier",
misc,Miscellaneous,1010,"Cherries, sour",
misc,Miscellaneous,1011,Cherry Extract,
misc,Miscellaneous,1012,Cherry Fruit Flavoring,
misc,Miscellaneous,1013,Cherry Juice,
misc,Miscellaneous,1014,Cherry Puree,
misc,Miscellaneous,1015,Cherry Wood Chips,
misc,Miscellaneous,1016,Chicory,
misc,Miscellaneous,1017,"Chicory, roasted",
misc,Miscellaneous,1018,Chile de Arbol,
misc,Miscellaneous,1019,"Chile, Chipotle",
misc,Miscellaneous,1020,"Chile, Jalapeno",
misc,Miscellaneous,1021,Chili,
misc,Miscellaneous,1022,"Chili, Cascabel",
misc,Miscellaneous,1023,"Chili, Guajillo",
misc,Miscellaneous,1024,"Chili, Habanero",
misc,Miscellaneous,1025,Chinese Five Spice,
misc,Miscellaneous,1026,Chinese Rock Candy,
misc,Miscellaneous,1027,Chocolate Covered Espresso Beans,
misc,Miscellaneous,1028,Chocolate Cream Liquor,
misc,Miscellaneous,1029,Chocolate Extract,
misc,Miscellaneous,1030,Chocolate Truffles,
misc,Miscellaneous,1031,"Chocolate, Baker's",
misc,Miscellaneous,1032,"Chocolate, Baker's Dark",
misc,Miscellaneous,1033,"Chocolate, Dark",
misc,Miscellaneous,1034,Chokladboll,
misc,Miscellaneous,1035,Chrysanthemum Flower tea,
misc,Miscellaneous,1036,Cider Vinegar,
misc,Miscellaneous,1037,cigar,
misc,Miscellaneous,1038,Cilantro,
misc,Miscellaneous,1039,Cinnamon Sticks,
misc,Miscellaneous,1040,"Cinnamon, ground",
misc,Miscellaneous,1041,"Cinnamon, powdered",
misc,Miscellaneous,1042,citra hops,
misc,Miscellaneous,1043,Citric Acid,
misc,Miscellaneous,1044,Citron Rind,
misc,Miscellaneous,1045,Citron Zest,
misc,Miscellaneous,1046,Clarity-Ferm,
misc,Miscellaneous,1047,Clearfine,
misc,Miscellaneous,1048,Clementine,
misc,Miscellaneous,1049,Clementine Peel,
misc,Miscellaneous,1050,Clementine Zest,
misc,Miscellaneous,1051,Cloudberry (plant and fruits),
misc,Miscellaneous,1052,Cloves,
misc,Miscellaneous,1053,"Cloves, ground",
misc,Miscellaneous,1054,Coco Pops,
misc,Miscellaneous,1055,Cocoa Beans,
misc,Miscellaneous,1056,Cocoa Extract,
misc,Miscellaneous,1057,Cocoa Nibs,
misc,Miscellaneous,1058,Cocoa Powder,
misc,Miscellaneous,1059,"Cocoa, Baker's",
misc,Miscellaneous,1060,Coconut,
misc,Miscellaneous,1061,Coconut Extract,
misc,Miscellaneous,1062,"Coconut Flakes, Toasted",
misc,Miscellaneous,1063,Coconut Milk,
misc,Miscellaneous,1064,Coconut Puree,
misc,Miscellaneous,1065,Coffee,
misc,Miscellaneous,1066,Coffee grounds,
misc,Miscellaneous,1067,"Coffee, Cold Press",
misc,Miscellaneous,1068,"Coffee, Espresso",
misc,Miscellaneous,1069,"Coffee, Instant",
misc,Miscellaneous,1070,"Coffee, Whole Bean",
misc,Miscellaneous,1071,"Coffee, Whole bean roasted",
misc,Miscellaneous,1072,cognac,
misc,Miscellaneous,1073,Cola Nut,
misc,Miscellaneous,1074,Concord Grapes,
misc,Miscellaneous,1075,Confectioners' sugar,
misc,Miscellaneous,1076,Convertase AG-300,
misc,Miscellaneous,1077,Coriander,
misc,Miscellaneous,1078,Coriander Seed,
misc,Miscellaneous,1079,"Coriander, crushed",
misc,Miscellaneous,1080,Corn Starch,
misc,Miscellaneous,1081,Corn Sugar,
misc,Miscellaneous,1082,Corn Syrup,
misc,Miscellaneous,1083,corriander,
misc,Miscellaneous,1084,"Cranberries, dried",
misc,Miscellaneous,1085,"Cranberries, fresh",
misc,Miscellaneous,1086,"Cranberries, frozen",
misc,Miscellaneous,1087,Cranberry Extract,
misc,Miscellaneous,1088,Cranberry Fruit Flavoring,
misc,Miscellaneous,1089,Cranberry Ginseng Herb Tea,
misc,Miscellaneous,1090,Cranberry Juice,
misc,Miscellaneous,1091,Cranberry-Raspberry Juice Concentrate,
misc,Miscellaneous,1092,Cream of Tartar,
misc,Miscellaneous,1093,Creme de Cacao,
misc,Miscellaneous,1094,Cucumber,
misc,Miscellaneous,1095,Cumin,
misc,Miscellaneous,1096,Cumin Seed,
misc,Miscellaneous,1097,Currant (Par Boiled),
misc,Miscellaneous,1098,Curry,
misc,Miscellaneous,1099,Dandelion Blossoms,
misc,Miscellaneous,1100,Dandelions,
misc,Miscellaneous,1101,Date Syrup,
misc,Miscellaneous,1102,Dates,
misc,Miscellaneous,1103,Defoamer 105,
misc,Miscellaneous,1104,Del Monte Fruit Cocktail,
misc,Miscellaneous,1105,Dememera Sugar,
misc,Miscellaneous,1106,Dextrose,
misc,Miscellaneous,1107,Diammonium Phosphate,
misc,Miscellaneous,1108,Distillers Yeast,
misc,Miscellaneous,1109,Dr Pepper Concentrate,
misc,Miscellaneous,1110,Dried Chilis,
misc,Miscellaneous,1111,Dried Halved Black Mission Figs,
misc,Miscellaneous,1112,Dried Spearmint,
misc,Miscellaneous,1113,Dry Chamomile Flowers,
misc,Miscellaneous,1114,Dulse Flakes,
misc,Miscellaneous,1115,"Durian, fresh",
misc,Miscellaneous,1116,Elderberries,
misc,Miscellaneous,1117,"Elderberries, Dried",
misc,Miscellaneous,1118,Elderflowers,
misc,Miscellaneous,1119,Epsom Salt (MgSO4),
misc,Miscellaneous,1120,Extra Light DME,
misc,Miscellaneous,1121,Fat Washed Blue Cheese,
misc,Miscellaneous,1122,Fennel,
misc,Miscellaneous,1123,Fennel Seeds,
misc,Miscellaneous,1124,Fenugreek,
misc,Miscellaneous,1125,Fermaid K,
misc,Miscellaneous,1126,Fermax Yeast Nutrient,
misc,Miscellaneous,1127,Fermcap,
misc,Miscellaneous,1128,Fig Syrup,
misc,Miscellaneous,1129,Figs,
misc,Miscellaneous,1130,"Figs, dried, puree",
misc,Miscellaneous,1131,First Runnings,
misc,Miscellaneous,1132,Five Star 5.2 pH Stabilizer,
misc,Miscellaneous,1133,Flour,
misc,Miscellaneous,1134,Flour Slurry,
misc,Miscellaneous,1135,Flower Petals,
misc,Miscellaneous,1136,Food Coloring,
misc,Miscellaneous,1137,Food Coloring (Green),
misc,Miscellaneous,1138,Food Coloring (Red),
misc,Miscellaneous,1139,Frangelico,
misc,Miscellaneous,1140,Fresh Spearmint,
misc,Miscellaneous,1141,Fruity Pebbles Cereal,
misc,Miscellaneous,1142,Galangal Root,
misc,Miscellaneous,1143,Garam Masala,
misc,Miscellaneous,1144,Garlic Clove,
misc,Miscellaneous,1145,Gelatin,
misc,Miscellaneous,1146,Gesho Leaves,
misc,Miscellaneous,1147,Gesho Root,
misc,Miscellaneous,1148,Ginger Powder,
misc,Miscellaneous,1149,Ginger Root,
misc,Miscellaneous,1150,"Ginger, Chinese",
misc,Miscellaneous,1151,"Ginger, ground",
misc,Miscellaneous,1152,Go-Ferm,
misc,Miscellaneous,1153,Golden Raisins,
misc,Miscellaneous,1154,Golden Syrup,
misc,Miscellaneous,1155,Gooseberry Puree,
misc,Miscellaneous,1156,Gorse flower,
misc,Miscellaneous,1157,Graham Cracker,
misc,Miscellaneous,1158,Graham Cracker Extract,
misc,Miscellaneous,1159,Grains of Paradise,
misc,Miscellaneous,1160,Grand Marnier (Orange Brandy),
misc,Miscellaneous,1161,"Grape Juice, Muscat",
misc,Miscellaneous,1162,Grape Nuts,
misc,Miscellaneous,1163,Grapefruit Essential Oil,
misc,Miscellaneous,1164,Grapefruit Juice,
misc,Miscellaneous,1165,Grapefruit Peel,
misc,Miscellaneous,1166,Grapefruit Zest,
misc,Miscellaneous,1167,"Grapefruit, Fresh",
misc,Miscellaneous,1168,"Grapes, Chardonnay",
misc,Miscellaneous,1169,"Grapes, Red",
misc,Miscellaneous,1170,"Grapes, Zinfandel",
misc,Miscellaneous,1171,Green Bell Pepper,
misc,Miscellaneous,1172,Green Peppercorn,
misc,Miscellaneous,1173,Guanabana,
misc,Miscellaneous,1174,"Guava, Apple",
misc,Miscellaneous,1175,Gypsum (Calcium Sulfate),
misc,Miscellaneous,1176,Hazelnut,
misc,Miscellaneous,1177,Hazelnut Extract,
misc,Miscellaneous,1178,"Hazelnuts, roasted",
misc,Miscellaneous,1179,Heading Liquid or Powder,
misc,Miscellaneous,1180,Heather Tips,
misc,Miscellaneous,1181,Herbal Tea Blend,
misc,Miscellaneous,1182,Herbs from Provence,
misc,Miscellaneous,1183,Hibiscus,
misc,Miscellaneous,1184,Holy Water,
misc,Miscellaneous,1185,Honey,
misc,Miscellaneous,1186,"honey, buckwheat",
misc,Miscellaneous,1187,"Honey, Meadow Foam",
misc,Miscellaneous,1188,"Honey, Meadowwood",
misc,Miscellaneous,1189,"Honey, Orange Blossum",
misc,Miscellaneous,1190,Honeydew,
misc,Miscellaneous,1191,Huckleberries,
misc,Miscellaneous,1192,Hyldeblomst,
misc,Miscellaneous,1193,Hyssop,
misc,Miscellaneous,1194,Inka,
misc,Miscellaneous,1195,Irish Moss,
misc,Miscellaneous,1196,"Isinglass, liquid",
misc,Miscellaneous,1197,"Jalepenos, diced",
misc,Miscellaneous,1198,Jasmine,
misc,Miscellaneous,1199,Julmust,
misc,Miscellaneous,1200,Juniper Berries,
misc,Miscellaneous,1201,Juniper Boughs,
misc,Miscellaneous,1202,"Kaffir Lime, Leaves",
misc,Miscellaneous,1203,Khat,
misc,Miscellaneous,1204,Kiwi puree,
misc,Miscellaneous,1205,Kola nut,
misc,Miscellaneous,1206,Kona coffee,
misc,Miscellaneous,1207,Kool-Aid,
misc,Miscellaneous,1208,Kopi Luwak (civet coffee),
misc,Miscellaneous,1209,Koppafloc,
misc,Miscellaneous,1210,Kriek,
misc,Miscellaneous,1211,Kumquat,
misc,Miscellaneous,1212,Labrador Tea,
misc,Miscellaneous,1213,Lactic Acid,
misc,Miscellaneous,1214,Lactose,
misc,Miscellaneous,1215,lapsang souchong tea,
misc,Miscellaneous,1216,Laurel Leaves,
misc,Miscellaneous,1217,Lavender,
misc,Miscellaneous,1218,Lemon Balm,
misc,Miscellaneous,1219,Lemon Drops (candy),
misc,Miscellaneous,1220,Lemon Grass,
misc,Miscellaneous,1221,Lemon Juice,
misc,Miscellaneous,1222,Lemon Peel,
misc,Miscellaneous,1223,Lemon Verbena,
misc,Miscellaneous,1224,Lemon Zest,
misc,Miscellaneous,1225,"Lemon, sliced",
misc,Miscellaneous,1226,Lemonade,
misc,Miscellaneous,1227,Lemongrass,
misc,Miscellaneous,1228,Licorice Root,
misc,Miscellaneous,1229,Licorice Stick,
misc,Miscellaneous,1230,Lilac Blossoms,
misc,Miscellaneous,1231,Liliqoui Syrup,
misc,Miscellaneous,1232,Lime Extract,
misc,Miscellaneous,1233,Lime Juice,
misc,Miscellaneous,1234,Lime Peel,
misc,Miscellaneous,1235,Lime Zest,
misc,Miscellaneous,1236,Limeade Concentrate,
misc,Miscellaneous,1237,Linden Blossoms,
misc,Miscellaneous,1238,Liquid Smoke,
misc,Miscellaneous,1239,Lotus Root Tea,
misc,Miscellaneous,1240,Lucky Leaf Strawberry pie filling,
misc,Miscellaneous,1241,Lychee,
misc,Miscellaneous,1242,Mace,
misc,Miscellaneous,1243,Mahlab,
misc,Miscellaneous,1244,Maltodextrin,
misc,Miscellaneous,1245,Maltoferm,
misc,Miscellaneous,1246,Mandarin Lime,
misc,Miscellaneous,1247,Mandarin Orange Extract,
misc,Miscellaneous,1248,Mango Extract,
misc,Miscellaneous,1249,Mango Puree,
misc,Miscellaneous,1250,"Mango, Fresh",
misc,Miscellaneous,1251,Maple Extract,
misc,Miscellaneous,1252,Maple Syrup,
misc,Miscellaneous,1253,"Maple Syrup, Grade B",
misc,Miscellaneous,1254,Maple Wood Chips,
misc,Miscellaneous,1255,Marijuana,
misc,Miscellaneous,1256,"Marmalade, Ginger",
misc,Miscellaneous,1257,"Marmalade, Orange",
misc,Miscellaneous,1258,"Marmalade, Orange, Bitter",
misc,Miscellaneous,1259,Marsh Rosemary,
misc,Miscellaneous,1260,Marshmellow Fluff,
misc,Miscellaneous,1261,Matcha Powder (Green Tea Powder),
misc,Miscellaneous,1262,Meadowsweet,
misc,Miscellaneous,1263,Mexican Chocolate Tablet,
misc,Miscellaneous,1264,Mexican Cocoa,
misc,Miscellaneous,1265,Meyer Lemon Peel,
misc,Miscellaneous,1266,mineola peel,
misc,Miscellaneous,1267,Mint,
misc,Miscellaneous,1268,mint extract,
misc,Miscellaneous,1269,Mint Lifesaver,
misc,Miscellaneous,1270,Mint Tea,
misc,Miscellaneous,1271,Miracle Fruit,
misc,Miscellaneous,1272,Mixed Berries,
misc,Miscellaneous,1273,Molasses,
misc,Miscellaneous,1274,"Molasses, Blackstrap",
misc,Miscellaneous,1275,Mugicha,
misc,Miscellaneous,1276,Mugwort,
misc,Miscellaneous,1277,Mulling Spices,
misc,Miscellaneous,1278,Muscovado,
misc,Miscellaneous,1279,"Mushrooms, Chantrelle",
misc,Miscellaneous,1280,Natal Plum,
misc,Miscellaneous,1281,Nettles,
misc,Miscellaneous,1282,new mexican green chile,
misc,Miscellaneous,1283,Nib sugar (pearl/hail sugar),
misc,Miscellaneous,1284,Nutella,
misc,Miscellaneous,1285,Nutmeg,
misc,Miscellaneous,1286,"Nutmeg, ground",
misc,Miscellaneous,1287,Oak Barrel,
misc,Miscellaneous,1288,Oak Chips,
misc,Miscellaneous,1289,"Oak Chips, apple brandy soaked",
misc,Miscellaneous,1290,"Oak Chips, heavy char",
misc,Miscellaneous,1291,"Oak Chips, light toast",
misc,Miscellaneous,1292,"Oak Chips, port soaked",
misc,Miscellaneous,1293,"Oak Chips, rum soaked",
misc,Miscellaneous,1294,"Oak Chips, whiskey soaked",
misc,Miscellaneous,1295,Oak Cubes,
misc,Miscellaneous,1296,"Oak Cubes, brandy soaked",
misc,Miscellaneous,1297,"Oak Cubes, heavy char",
misc,Miscellaneous,1298,"Oak Cubes, medium toast",
misc,Miscellaneous,1299,"Oak Cubes, whiskey soaked",
misc,Miscellaneous,1300,"Oak Cubes, wine soaked",
misc,Miscellaneous,1301,"Oak Essence, Liquid",
misc,Miscellaneous,1302,"Oak Spiral, medium toast",
misc,Miscellaneous,1303,Orange,
misc,Miscellaneous,1304,Orange Blossom Flowers,
misc,Miscellaneous,1305,Orange Extract,
misc,Miscellaneous,1306,Orange Juice,
misc,Miscellaneous,1307,"Orange Juice, Blood",
misc,Miscellaneous,1308,"Orange Juice, Cara Cara",
misc,Miscellaneous,1309,"Orange Peel, Bitter",
misc,Miscellaneous,1310,"Orange Peel, Sweet",
misc,Miscellaneous,1311,"Orange Peel, Valencia",
misc,Miscellaneous,1312,"Orange Pulp, Blood",
misc,Miscellaneous,1313,Orange Thyme,
misc,Miscellaneous,1314,Orange Zest,
misc,Miscellaneous,1315,Orange zest - Seville/sour,
misc,Miscellaneous,1316,"Orange, Navel",
misc,Miscellaneous,1317,"Oranges, Blood",
misc,Miscellaneous,1318,Oregano,
misc,Miscellaneous,1319,Osthmanthus Flowers,
misc,Miscellaneous,1320,Ovaltine,
misc,Miscellaneous,1321,"Oysters, raw",
misc,Miscellaneous,1322,Pablano Peppers,
misc,Miscellaneous,1323,Palo Santo wood chips,
misc,Miscellaneous,1324,Papain,
misc,Miscellaneous,1325,Papaya,
misc,Miscellaneous,1326,Paprika,
misc,Miscellaneous,1327,Parsley,
misc,Miscellaneous,1328,Parsnip,
misc,Miscellaneous,1329,Pasilla Chili,
misc,Miscellaneous,1330,Passion Fruit Extract,
misc,Miscellaneous,1331,Passionfruit Puree,
misc,Miscellaneous,1332,Patric Chocolate Nibs,
misc,Miscellaneous,1333,"Pawpaw, fresh, pulp",
misc,Miscellaneous,1334,Peach Extract,
misc,Miscellaneous,1335,Peach Fruit,
misc,Miscellaneous,1336,Peach Fruit Flavor,
misc,Miscellaneous,1337,Peach Ginger Black Tea,
misc,Miscellaneous,1338,Peach Stones,
misc,Miscellaneous,1339,"Peaches, frozen",
misc,Miscellaneous,1340,"Peanut Butter, de-oiled creamy organic",
misc,Miscellaneous,1341,"Peanut Butter, dried extract",
misc,Miscellaneous,1342,"Peanut Butter, powdered",
misc,Miscellaneous,1343,Peanut Vodka,
misc,Miscellaneous,1344,Pear Puree,
misc,Miscellaneous,1345,Pecan Extract,
misc,Miscellaneous,1346,"Pecans, Roasted",
misc,Miscellaneous,1347,Pectin,
misc,Miscellaneous,1348,Pectin Enzyme,
misc,Miscellaneous,1349,"Pepper, Ground Black",
misc,Miscellaneous,1350,"Pepper, Ground Green",
misc,Miscellaneous,1351,"Pepper, Ground White",
misc,Miscellaneous,1352,"Pepper, Whole Black",
misc,Miscellaneous,1353,Peppercorn Meadley,
misc,Miscellaneous,1354,Peppermint Altoids,
misc,Miscellaneous,1355,"Peppermint, Dried",
misc,Miscellaneous,1356,Persimmon,
misc,Miscellaneous,1357,Persimmon puree,
misc,Miscellaneous,1358,Persimmon Wood Chips,
misc,Miscellaneous,1359,Phosphoric Acid,
misc,Miscellaneous,1360,Pine Needles,
misc,Miscellaneous,1361,Pineapple,
misc,Miscellaneous,1362,Pineapple Juice,
misc,Miscellaneous,1363,Pineapple Weed,
misc,Miscellaneous,1364,Pink Peppercorns,
misc,Miscellaneous,1365,Pinyon Pine Tips,
misc,Miscellaneous,1366,Pipal,
misc,Miscellaneous,1367,Pistachio,
misc,Miscellaneous,1368,Plum Fruit,
misc,Miscellaneous,1369,Pohutukawa chips,
misc,Miscellaneous,1370,Pohutykawa chips,
misc,Miscellaneous,1371,Polyclar,
misc,Miscellaneous,1372,Pomegranate,
misc,Miscellaneous,1373,Pomegranate Concentrate,
misc,Miscellaneous,1374,Pomelo Zest,
misc,Miscellaneous,1375,Poppy Seeds,
misc,Miscellaneous,1376,Port Wine,
misc,Miscellaneous,1377,Potassium Metabisulfite,
misc,Miscellaneous,1378,Potassium Sorbate,
misc,Miscellaneous,1379,Prawns,
misc,Miscellaneous,1380,Prickly Pear Fruit,
misc,Miscellaneous,1381,Priming Sugar,
misc,Miscellaneous,1382,Prunes,
misc,Miscellaneous,1383,Pumpkin,
misc,Miscellaneous,1384,Pumpkin Pie Filling,
misc,Miscellaneous,1385,"Pumpkin Seeds, roasted",
misc,Miscellaneous,1386,Pumpkin Spice,
misc,Miscellaneous,1387,Purple Carrots,
misc,Miscellaneous,1388,Quick Chocolate Syrup,
misc,Miscellaneous,1389,Raisins,
misc,Miscellaneous,1390,Rapadura,
misc,Miscellaneous,1391,Rasberries,
misc,Miscellaneous,1392,Raspberry Extract,
misc,Miscellaneous,1393,Raspberry Fruit Flavoring,
misc,Miscellaneous,1394,Raspberry Leaves,
misc,Miscellaneous,1395,Raspberry Puree,
misc,Miscellaneous,1396,Raw Sugar,
misc,Miscellaneous,1397,Red Clover Blossoms,
misc,Miscellaneous,1398,Red Pepper Flakes,
misc,Miscellaneous,1399,Red Quinoa,
misc,Miscellaneous,1400,"Red Wine, Cabernet",
misc,Miscellaneous,1401,"Red Wine, Malbec",
misc,Miscellaneous,1402,Redwood Tips,
misc,Miscellaneous,1403,Rhubarb,
misc,Miscellaneous,1404,Rice Hulls,
misc,Miscellaneous,1405,Ripe Plantains,
misc,Miscellaneous,1406,Rooibos Tea,
misc,Miscellaneous,1407,Rootbeer Extract,
misc,Miscellaneous,1408,Rose Hips,
misc,Miscellaneous,1409,Rose Petals,
misc,Miscellaneous,1410,Rosemary,
misc,Miscellaneous,1411,"Rum, Dark",
misc,Miscellaneous,1412,"Rum, Spiced",
misc,Miscellaneous,1413,"Rye Bread, pureed",
misc,Miscellaneous,1414,Rye Whiskey,
misc,Miscellaneous,1415,Saffron,
misc,Miscellaneous,1416,Sage,
misc,Miscellaneous,1417,saguaro cactus fruit,
misc,Miscellaneous,1418,Salt (NaCl),
misc,Miscellaneous,1419,Sarsaparilla,
misc,Miscellaneous,1420,Sassafras Root Bark,
misc,Miscellaneous,1421,Schizandra Berry,
misc,Miscellaneous,1422,Scotch,
misc,Miscellaneous,1423,Sea Salt,
misc,Miscellaneous,1424,Seeds of Paradise,
misc,Miscellaneous,1425,Semi-Sweet Chocolate,
misc,Miscellaneous,1426,Serano Chilli,
misc,Miscellaneous,1427,Serrano Peppers,
misc,Miscellaneous,1428,Servomyces Yeast Nutrient,
misc,Miscellaneous,1429,"Sesame Seeds, Toasted",
misc,Miscellaneous,1430,Sichuan Peppercorn,
misc,Miscellaneous,1431,Sleepytime Tea,
misc,Miscellaneous,1432,Smoked Ancho Chillis,
misc,Miscellaneous,1433,smoked sea salt,
misc,Miscellaneous,1434,Sodium Bicarbonate,
misc,Miscellaneous,1435,"Sour Beer, Stale",
misc,Miscellaneous,1436,Spanish Cedar,
misc,Miscellaneous,1437,Sparkalloid,
misc,Miscellaneous,1438,Spice Mixture,
misc,Miscellaneous,1439,Spruce Essence,
misc,Miscellaneous,1440,Spruce Extract,
misc,Miscellaneous,1441,Spruce Tips,
misc,Miscellaneous,1442,St John's Wort,
misc,Miscellaneous,1443,star fruit,
misc,Miscellaneous,1444,Strawberries,
misc,Miscellaneous,1445,Strawberry Extract,
misc,Miscellaneous,1446,Strawberry Fruit Flavoring,
misc,Miscellaneous,1447,Sugar Belle Rind,
misc,Miscellaneous,1448,Sugar Belle zest,
misc,Miscellaneous,1449,Sumac,
misc,Miscellaneous,1450,Sun Dried Tomato,
misc,Miscellaneous,1451,Sunflower Seeds,
misc,Miscellaneous,1452,Super Moss HB,
misc,Miscellaneous,1453,Super-Food,
misc,Miscellaneous,1454,Super-Kleer,
misc,Miscellaneous,1455,Sweet Cicely (Myrrhis odorata),
misc,Miscellaneous,1456,Sweet Flag,
misc,Miscellaneous,1457,Sweet Gale,
misc,Miscellaneous,1458,Sweet Potato,
misc,Miscellaneous,1459,Szechuan Peppercorn,
misc,Miscellaneous,1460,Table Sugar,
misc,Miscellaneous,1461,Tamarind Concentrate,
misc,Miscellaneous,1462,Tamarind Puree,
misc,Miscellaneous,1463,Tangelo juice,
misc,Miscellaneous,1464,Tangelo peel,
misc,Miscellaneous,1465,Tangerine Peel,
misc,Miscellaneous,1466,Tangerine Zest,
misc,Miscellaneous,1467,Tannin,
misc,Miscellaneous,1468,Taro Root,
misc,Miscellaneous,1469,tarragon,
misc,Miscellaneous,1470,Tart Cherry Juice Concentrate,
misc,Miscellaneous,1471,Tartaric acid,
misc,Miscellaneous,1472,Tazo Passion Fruit Tea,
misc,Miscellaneous,1473,"Tea, Black",
misc,Miscellaneous,1474,"Tea, Black Ceylon",
misc,Miscellaneous,1475,"Tea, Earl Grey",
misc,Miscellaneous,1476,"Tea, Earl Grey, Double Bergamot",
misc,Miscellaneous,1477,"Tea, Green",
misc,Miscellaneous,1478,"Tea, Thai",
misc,Miscellaneous,1479,Thrilla Vanilla,
misc,Miscellaneous,1480,Thyme,
misc,Miscellaneous,1481,Tinkerbell,
misc,Miscellaneous,1482,Tomato,
misc,Miscellaneous,1483,"Triple berry - Rasp, black, blue",
misc,Miscellaneous,1484,turbinado sugar,
misc,Miscellaneous,1485,Turmeric,
misc,Miscellaneous,1486,turnip,
misc,Miscellaneous,1487,Unsweetened Chocolate Baking Nibs,
misc,Miscellaneous,1488,Unsweetened Coconut Flakes,
misc,Miscellaneous,1489,valerian root,
misc,Miscellaneous,1490,Vanilla Bean,
misc,Miscellaneous,1491,Vanilla Extract,
misc,Miscellaneous,1492,Vidalia Onion,
misc,Miscellaneous,1493,Vintners Harvest Peach Puree,
misc,Miscellaneous,1494,Vodka,
misc,Miscellaneous,1495,"Vodka, Bakon",
misc,Miscellaneous,1496,Walnut bark,
misc,Miscellaneous,1497,Walnut Extract,
misc,Miscellaneous,1498,Watermelon,
misc,Miscellaneous,1499,Watermelon Flavoring,
misc,Miscellaneous,1500,Waxmyrtle Leaves,
misc,Miscellaneous,1501,Whirlfloc Tablet,
misc,Miscellaneous,1502,Whiskey,
misc,Miscellaneous,1503,White Chocolate,
misc,Miscellaneous,1504,White Clover Blossoms,
misc,Miscellaneous,1505,White Nectarines,
misc,Miscellaneous,1506,White Pepper,
misc,Miscellaneous,1507,White Raisins,
misc,Miscellaneous,1508,Whole Habenero,
misc,Miscellaneous,1509,"Wild Black Raspberries, Bokbunja",
misc,Miscellaneous,1510,Wild Grapes,
misc,Miscellaneous,1511,Wild Yeast,
misc,Miscellaneous,1512,Wine Yeast,
misc,Miscellaneous,1513,Wintergreen,
misc,Miscellaneous,1514,Wintergreen Leaves,
misc,Miscellaneous,1515,Wolfberry/goji,
misc,Miscellaneous,1516,Woodruff,
misc,Miscellaneous,1517,Worcestershire Wauce,
misc,Miscellaneous,1518,Wormwood,
misc,Miscellaneous,1519,"Wort, Sour",
misc,Miscellaneous,1520,"Yams, Candied",
misc,Miscellaneous,1521,Yarrow,
misc,Miscellaneous,1522,Yeast Energizer,
misc,Miscellaneous,1523,Yeast Nutrient,
misc,Miscellaneous,1524,Yeast Nutrient (BrewVint),
misc,Miscellaneous,1525,Yeast Nutrient (Servomyces),
misc,Miscellaneous,1526,Yeast Nutrient (WYeast),
misc,Miscellaneous,1527,yellow dock,
misc,Miscellaneous,1528,Yerba Buena,
misc,Miscellaneous,1529,Yerba Mate,
misc,Miscellaneous,1530,Zante Currants,
yeast,Yeast,1531,10th Anniversary Blend,
yeast,Yeast,1532,Abbey Ale,
yeast,Yeast,1533,American Ale,
yeast,Yeast,1534,American Ale Blend,
yeast,Yeast,1535,American Ale II,
yeast,Yeast,1536,American Hefeweizen Ale,
yeast,Yeast,1537,American Lager,
yeast,Yeast,1538,American Megabrewery,
yeast,Yeast,1539,American Microbrewery Ale No.1,
yeast,Yeast,1540,American Microbrewery Ale No.2,
yeast,Yeast,1541,American Microbrewery Lager,
yeast,Yeast,1542,American Wheat Ale,
yeast,Yeast,1543,American White Ale,
yeast,Yeast,1544,Attenuation 80 percent,
yeast,Yeast,1545,Bastogne Belgian Ale,
yeast,Yeast,1546,Bavarian Lager,
yeast,Yeast,1547,Bavarian Wheat,
yeast,Yeast,1548,Bavarian Wheat Yeast,
yeast,Yeast,1549,Bedford British Ale,
yeast,Yeast,1550,Belgian Abbey II,
yeast,Yeast,1551,Belgian Ale,
yeast,Yeast,1552,Belgian Ale No.1,
yeast,Yeast,1553,Belgian Ale No.2,
yeast,Yeast,1554,Belgian Ale No.3,
yeast,Yeast,1555,Belgian Ardennes,
yeast,Yeast,1556,Belgian Golden Ale,
yeast,Yeast,1557,Belgian Lambic Blend,
yeast,Yeast,1558,Belgian Saison I Ale,
yeast,Yeast,1559,Belgian Saison Yeast,
yeast,Yeast,1560,Belgian Schelde Ale Yeast,
yeast,Yeast,1561,Belgian Strong Ale,
yeast,Yeast,1562,Belgian Style Ale Yeast Blend,
yeast,Yeast,1563,Belgian Wheat,
yeast,Yeast,1564,Belgian Wheat Yeast,
yeast,Yeast,1565,Belgian Wit Ale,
yeast,Yeast,1566,Belgian Wit II,
yeast,Yeast,1567,Belgian Witbier,
yeast,Yeast,1568,Bell's Oberon,
yeast,Yeast,1569,Biere De Garde,
yeast,Yeast,1570,Bohemian Lager,
yeast,Yeast,1571,Bread yeast (any variety),
yeast,Yeast,1572,Brettanomyces Bruxellensis,
yeast,Yeast,1573,Brettanomyces Claussenii,
yeast,Yeast,1574,Brettanomyces Lambicus,
yeast,Yeast,1575,Brewferm Blanche Dry Yeast,
yeast,Yeast,1576,Brewferm Lager Dry Yeast,
yeast,Yeast,1577,British Ale,
yeast,Yeast,1578,British Ale II,
yeast,Yeast,1579,British Cask Ale,
yeast,Yeast,1580,British Draft Ale,
yeast,Yeast,1581,British Microbrewery Ale,
yeast,Yeast,1582,British Pale Ale No.1,
yeast,Yeast,1583,British Pale Ale No.2,
yeast,Yeast,1584,British Real Ale,
yeast,Yeast,1585,Budvar Lager Yeast,
yeast,Yeast,1586,Burton Ale,
yeast,Yeast,1587,California Ale,
yeast,Yeast,1588,California Ale V,
yeast,Yeast,1589,California Esteem,
yeast,Yeast,1590,California Lager,
yeast,Yeast,1591,California Pub Ale,
yeast,Yeast,1592,Canadian Ale,
yeast,Yeast,1593,Canadian/Belgian Style Yeast,
yeast,Yeast,1594,Champagne Yeast,
yeast,Yeast,1595,Chimay bottle culture,
yeast,Yeast,1596,Classic British Ale,
yeast,Yeast,1597,Cooper Ale,
yeast,Yeast,1598,Cooper's Ale Dry Yeast,
yeast,Yeast,1599,Czech Budejovice Lager,
yeast,Yeast,1600,Czech Pilsner Lager,
yeast,Yeast,1601,Danish Lager,
yeast,Yeast,1602,Danstar Munich,
yeast,Yeast,1603,Danstar Nottingham Ale Yeast,
yeast,Yeast,1604,danstar windsor ale,
yeast,Yeast,1605,Doric Ale,
yeast,Yeast,1606,"Dregs, JW Lees Harvest Ale",
yeast,Yeast,1607,Dry English Ale,
yeast,Yeast,1608,Dry Mead Yeast (WYeast 4362),
yeast,Yeast,1609,Dutch Castle,
yeast,Yeast,1610,East Coast Ale,
yeast,Yeast,1611,East European Lager,
yeast,Yeast,1612,ECY01 BugFarm,
yeast,Yeast,1613,ECY02 Flemish Ale,
yeast,Yeast,1614,ECY03 Farmhouse Brett,
yeast,Yeast,1615,ECY04 BRETT Blend 1,
yeast,Yeast,1616,ECY05 BRETT Blend 9,
yeast,Yeast,1617,ECY07 Scottish Heavy,
yeast,Yeast,1618,ECY08 Saison Brasserie Blend,
yeast,Yeast,1619,ECY10 Old Newark Ale,
yeast,Yeast,1620,ECY12 Old Newark Beer,
yeast,Yeast,1621,ECY13 Trappist Ale,
yeast,Yeast,1622,Edinburgh Ale,
yeast,Yeast,1623,Edme Ale Dry Yeast,
yeast,Yeast,1624,Edme Ale Yeast,
yeast,Yeast,1625,English Ale,
yeast,Yeast,1626,English Ale II,
yeast,Yeast,1627,English Cider Yeast,
yeast,Yeast,1628,English Special Bitter,
yeast,Yeast,1629,Essex Ale Yeast,
yeast,Yeast,1630,European Ale,
yeast,Yeast,1631,European Lager II,
yeast,Yeast,1632,Farmhouse Ale,
yeast,Yeast,1633,Fermentis Safeale S-04,
yeast,Yeast,1634,Fermentis Saflager S-23,
yeast,Yeast,1635,Fermentis US-05,
yeast,Yeast,1636,Fermentis WB-06 Dry Wheat Beer Yeast,
yeast,Yeast,1637,Flor (Sherry Yeast) WLP700,
yeast,Yeast,1638,Flying Dog Ale Yeast,
yeast,Yeast,1639,Forbidden Fruit,
yeast,Yeast,1640,Gambrinus Lager Yeast,
yeast,Yeast,1641,German Ale,
yeast,Yeast,1642,German Ale II,
yeast,Yeast,1643,German Ale/Kolsch,
yeast,Yeast,1644,German Bock Lager,
yeast,Yeast,1645,German Lager,
yeast,Yeast,1646,German Weiss,
yeast,Yeast,1647,German Wheat,
yeast,Yeast,1648,Gervin English Ale Yeast,
yeast,Yeast,1649,Hefeweizen Ale,
yeast,Yeast,1650,Hefeweizen IV Ale,
yeast,Yeast,1651,Hoegaarden (bottle cultured),
yeast,Yeast,1652,Ingelmunster Ale,
yeast,Yeast,1653,Irish Ale,
yeast,Yeast,1654,Irish Dry Stout,
yeast,Yeast,1655,Jolly Pumpkin Bam Biere Yeast,
yeast,Yeast,1656,"Kellerweis, Sierra Nevada culture",
yeast,Yeast,1657,Klassic Ale Yeast,
yeast,Yeast,1658,Kolsch,
yeast,Yeast,1659,Kolsch Yeast,
yeast,Yeast,1660,Lactobacillus Delbrueckii,
yeast,Yeast,1661,Lalvin - K1V-1116,
yeast,Yeast,1662,Lalvin 71B-1122,
yeast,Yeast,1663,Lalvin D-47,
yeast,Yeast,1664,Lalvin EC-1118,
yeast,Yeast,1665,Lalvin RC 212 (Bourgovin),
yeast,Yeast,1666,Leuven Pale Ale Yeast,
yeast,Yeast,1667,Local brewery Yeast,
yeast,Yeast,1668,London,
yeast,Yeast,1669,London Ale,
yeast,Yeast,1670,London Ale Dry Yeast,
yeast,Yeast,1671,London Ale III,
yeast,Yeast,1672,London ESB Ale,
yeast,Yeast,1673,Manchester,
yeast,Yeast,1674,Mauri Brew,
yeast,Yeast,1675,Mexican Lager,
yeast,Yeast,1676,Munich German Wheat Dry Ale Yeast,
yeast,Yeast,1677,Munich Lager,
yeast,Yeast,1678,Munton Fison Ale,
yeast,Yeast,1679,Munton's Dry Yeast,
yeast,Yeast,1680,Muntons Premium Gold,
yeast,Yeast,1681,Mute Dog Feral Yeast Blend,
yeast,Yeast,1682,North American Lager,
yeast,Yeast,1683,North-Eastern Micro Ale,
yeast,Yeast,1684,Northern German Lager,
yeast,Yeast,1685,Northwest Ale,
yeast,Yeast,1686,Nottingham,
yeast,Yeast,1687,Nottingham Ale Dry Yeast,
yeast,Yeast,1688,Nottingham Yeast,
yeast,Yeast,1689,Octoberfest Lager Blend,
yeast,Yeast,1690,Octoberfest/Marzen Lager,
yeast,Yeast,1691,Old Bavarian Lager,
yeast,Yeast,1692,Old German Ale,
yeast,Yeast,1693,Olde Suffolk,
yeast,Yeast,1694,Original Pilsner,
yeast,Yeast,1695,Orval Culture,
yeast,Yeast,1696,Orval Dregs,
yeast,Yeast,1697,Pasteur Champagne,
yeast,Yeast,1698,Pasteur Red Wine,
yeast,Yeast,1699,Pediococcus,
yeast,Yeast,1700,Pediococcus Cerevisiae,
yeast,Yeast,1701,Pediococcus Damnosus,
yeast,Yeast,1702,Pilsen Lager,
yeast,Yeast,1703,Pilsner Lager,
yeast,Yeast,1704,Pilsner Urqell,
yeast,Yeast,1705,Premium Bitter Ale,
yeast,Yeast,1706,Real Brewers Yeast - Lucky No. 7,
yeast,Yeast,1707,Real Brewers Yeast - The One,
yeast,Yeast,1708,Real Brewers Yeast - Ye Old English,
yeast,Yeast,1709,Red Star Ale,
yeast,Yeast,1710,Red Star Cotes De Blancs,
yeast,Yeast,1711,Red Star Dry Pasteur Champagne Yeast,
yeast,Yeast,1712,Red Star Premier Cuvee,
yeast,Yeast,1713,Ringwood Ale,
yeast,Yeast,1714,Roeselare Belgian Blend,
yeast,Yeast,1715,Rogue Pacman Ale Yeast,
yeast,Yeast,1716,SafAle American Ale,
yeast,Yeast,1717,SafAle English Ale,
yeast,Yeast,1718,SafAle German Ale,
yeast,Yeast,1719,Safale K-97,
yeast,Yeast,1720,Safale S-04 Dry Yeast,
yeast,Yeast,1721,Safale US-05 Dry Yeast,
yeast,Yeast,1722,SafBrew Ale,
yeast,Yeast,1723,Safbrew S-33 Dry Yeast,
yeast,Yeast,1724,SafBrew Specialty Ale,
yeast,Yeast,1725,Safbrew T-58 Dry Yeast,
yeast,Yeast,1726,Safbrew WB-06 Dry Yeast,
yeast,Yeast,1727,Saflager 189,
yeast,Yeast,1728,Saflager 34/70 (Weihenstephan),
yeast,Yeast,1729,SafLager German Lager,
yeast,Yeast,1730,Saflager S-23 Dry Yeast,
yeast,Yeast,1731,Saflager w 34/70,
yeast,Yeast,1732,SafLager Weinhenstephan Lager,
yeast,Yeast,1733,SafLager West European Lager,
yeast,Yeast,1734,Saison,
yeast,Yeast,1735,San Francisco Lager,
yeast,Yeast,1736,Scottish Ale,
yeast,Yeast,1737,Scottish Ale Yeast Cake,
yeast,Yeast,1738,Scottish Bitter,
yeast,Yeast,1739,Southern German Lager,
yeast,Yeast,1740,Southwold Ale,
yeast,Yeast,1741,Special Ale,
yeast,Yeast,1742,Spontaneous/wild,
yeast,Yeast,1743,Staro Prague Lager,
yeast,Yeast,1744,Steinberg-Geisenheim Wine,
yeast,Yeast,1745,Super High Gravity Ale,
yeast,Yeast,1746,Sweet Mead/Wine,
yeast,Yeast,1747,Thames Valley Ale,
yeast,Yeast,1748,Thames Valley Ale Yeast II,
yeast,Yeast,1749,Trappist Ale,
yeast,Yeast,1750,Trappist High Gravity,
yeast,Yeast,1751,Vintner's Harvest SN9,
yeast,Yeast,1752,Weihenstephan Weizen,
yeast,Yeast,1753,West Yorkshire Ale,
yeast,Yeast,1754,Whitbread Ale,
yeast,Yeast,1755,Whitbread Ale Dry Yeast,
yeast,Yeast,1756,White Labs Abbey Ale (WLP530),
yeast,Yeast,1757,White Labs Abbey IV Ale (WLP540),
yeast,Yeast,1758,White Labs American Ale Blend (WLP060),
yeast,Yeast,1759,White Labs American Farmhouse Blend (WLP670),
yeast,Yeast,1760,White Labs American Hefeweizen Ale (WLP320),
yeast,Yeast,1761,White Labs American Lager (WLP840),
yeast,Yeast,1762,White Labs Antwerp Ale (WLP515),
yeast,Yeast,1763,White Labs Australian Ale (WLP009),
yeast,Yeast,1764,White Labs Bavarian Weizen (WLP351),
yeast,Yeast,1765,White Labs Bedford British (WLP006),
yeast,Yeast,1766,White Labs Belgian Ale (WLP550),
yeast,Yeast,1767,White Labs Belgian Bastogne Ale (WLP510),
yeast,Yeast,1768,White Labs Belgian Golden Ale (WLP570),
yeast,Yeast,1769,White Labs Belgian Saison I (WLP565),
yeast,Yeast,1770,White Labs Belgian Saison II (WLP566),
yeast,Yeast,1771,White Labs Belgian Sour Mix 1 (WLP655),
yeast,Yeast,1772,White Labs Belgian Strong Ale Yeast (WLP545),
yeast,Yeast,1773,White Labs Belgian Style Ale Blend (WLP575),
yeast,Yeast,1774,White Labs Belgian Style Saison Ale Blend (WLP568),
yeast,Yeast,1775,White Labs Belgian Wit Ale (WLP400),
yeast,Yeast,1776,White Labs Belgian Wit II Ale (WLP410),
yeast,Yeast,1777,White Labs Berliner Weisse Blend (WLP630),
yeast,Yeast,1778,White Labs Brettanomyces lambicus (WLP 653),
yeast,Yeast,1779,White Labs British Ale (WLP005),
yeast,Yeast,1780,White Labs Burton Ale (WLP023),
yeast,Yeast,1781,White Labs California Ale (WLP001),
yeast,Yeast,1782,White Labs California Ale V (WLP051),
yeast,Yeast,1783,White Labs Champagne Yeast (WLP715),
yeast,Yeast,1784,White Labs Cream Ale Blend (WLP080),
yeast,Yeast,1785,White Labs Cry Havoc - as Ale (WLP862),
yeast,Yeast,1786,White Labs Cry Havoc - as Lager (WLP862),
yeast,Yeast,1787,White Labs Czech Budejovice Lager (WLP802),
yeast,Yeast,1788,White Labs Dry English Ale (WLP007),
yeast,Yeast,1789,White Labs Dusseldorf Alt (WLP036),
yeast,Yeast,1790,White Labs East Coast Ale (WLP008),
yeast,Yeast,1791,White Labs Edinburgh Scottish Ale (WLP028),
yeast,Yeast,1792,White Labs English Ale (WLP002),
yeast,Yeast,1793,White Labs English Ale Blend (WLP085),
yeast,Yeast,1794,White Labs Essex Ale (WLP022),
yeast,Yeast,1795,White Labs European Ale (WLP011),
yeast,Yeast,1796,White Labs French Ale (WLP072),
yeast,Yeast,1797,White Labs German Ale (WLP003),
yeast,Yeast,1798,White Labs German Ale / Kolsh (WLP029),
yeast,Yeast,1799,White Labs German Bock Lager (WLP833),
yeast,Yeast,1800,White Labs German Lager (WLP830),
yeast,Yeast,1801,White Labs Hefeweizen Ale (WLP300),
yeast,Yeast,1802,White Labs Hefeweizen IV Ale (WLP380),
yeast,Yeast,1803,White Labs Irish Ale (WLP004),
yeast,Yeast,1804,White Labs London Ale (WLP013),
yeast,Yeast,1805,White Labs Mexican Lager (WLP940),
yeast,Yeast,1806,White Labs Nottingham Ale (WLP039),
yeast,Yeast,1807,White Labs Oktoberfest / Marzen Lager (WLP820),
yeast,Yeast,1808,White Labs Old Bavarian Lager Yeast (wlp920),
yeast,Yeast,1809,White Labs Pacific Ale (WLP041),
yeast,Yeast,1810,White Labs Pilsner Lager (WLP800),
yeast,Yeast,1811,White Labs San Diego Super Yeast,
yeast,Yeast,1812,White Labs San Francisco Lager (WLP810),
yeast,Yeast,1813,White Labs South German Lager (WLP838),
yeast,Yeast,1814,White Labs Super High Gravity Ale (WLP099),
yeast,Yeast,1815,White Labs Sweet Mead/Wine Yeast (WLP720),
yeast,Yeast,1816,White Labs Trappist Ale (WLP500),
yeast,Yeast,1817,White Labs Yorkshire Square Ale (WLP037),
yeast,Yeast,1818,White Labs Zurich Lager (WLP885),
yeast,Yeast,1819,White LabsBrettanomyces bruxellensis (WLP 650),
yeast,Yeast,1820,Windsor Ale Dry Yeast,
yeast,Yeast,1821,Windsor Yeast,
yeast,Yeast,1822,WLP645 Brettanomyces claussenii,
yeast,Yeast,1823,Wyeast - Pac Man (1764),
yeast,Yeast,1824,Wyeast - Pasteur Champagne (4021),
yeast,Yeast,1825,Wyeast 1737 (Flying Dog Ale Yeast),
yeast,Yeast,1826,Wyeast 1882 Thames Valley II,
yeast,Yeast,1827,Wyeast 2252-PC Rasenmaher Lager Yeast,
yeast,Yeast,1828,Wyeast 3725 Bier De Garde Private Collection,
yeast,Yeast,1829,Wyeast 3725-PC Bier de Garde Yeast,
yeast,Yeast,1830,Wyeast 3789-PC Trappist Blend,
yeast,Yeast,1831,Wyeast 3864 Canadian/Belgian,
yeast,Yeast,1832,Wyeast 4242 Chablis,
yeast,Yeast,1833,Wyeast 4347 Eau de Vie,
yeast,Yeast,1834,Wyeast Ale Blend,
yeast,Yeast,1835,Wyeast American Ale (1056),
yeast,Yeast,1836,Wyeast American Ale II (1272),
yeast,Yeast,1837,Wyeast American Lager (2035),
yeast,Yeast,1838,Wyeast American Wheat (1010),
yeast,Yeast,1839,Wyeast Bavarian Lager (2206),
yeast,Yeast,1840,Wyeast Bavarian Wheat (3056),
yeast,Yeast,1841,Wyeast Bavarian Wheat (3638),
yeast,Yeast,1842,Wyeast Belgian Abby Ale (1214),
yeast,Yeast,1843,Wyeast Belgian Abby Ale II (1762),
yeast,Yeast,1844,Wyeast Belgian Ale (1214),
yeast,Yeast,1845,Wyeast Belgian Ardennes (3522),
yeast,Yeast,1846,Wyeast Belgian Lambic Blend (3278),
yeast,Yeast,1847,Wyeast Belgian Saison (3724),
yeast,Yeast,1848,Wyeast Belgian Strong Ale (1388),
yeast,Yeast,1849,Wyeast Belgian Wheat (3942),
yeast,Yeast,1850,Wyeast Belgian Witbier (3944),
yeast,Yeast,1851,Wyeast Berliner Weisse Blend (3191),
yeast,Yeast,1852,Wyeast Bohemian Lager (2124),
yeast,Yeast,1853,Wyeast Bordeaux (4267),
yeast,Yeast,1854,Wyeast Brettanomyces bruxellensis (5112),
yeast,Yeast,1855,Wyeast Brettanomyces claussenii,
yeast,Yeast,1856,Wyeast Brettanomyces lambicus (5526),
yeast,Yeast,1857,Wyeast British Ale (1098),
yeast,Yeast,1858,Wyeast British Ale II (1335),
yeast,Yeast,1859,Wyeast British Cask Ale (1026),
yeast,Yeast,1860,Wyeast British Whitbread (1099),
yeast,Yeast,1861,Wyeast Budvar Lager (2000),
yeast,Yeast,1862,Wyeast California Lager (2112),
yeast,Yeast,1863,Wyeast Cider (4766),
yeast,Yeast,1864,Wyeast Czech Pils (2278),
yeast,Yeast,1865,Wyeast Danish Lager (2042),
yeast,Yeast,1866,Wyeast Dennys Favorite 50,
yeast,Yeast,1867,Wyeast Dennys Favorite 50 (1450),
yeast,Yeast,1868,Wyeast European Ale (1338),
yeast,Yeast,1869,Wyeast Farmhouse 3726,
yeast,Yeast,1870,Wyeast Flanders Golden Ale (3739-PC),
yeast,Yeast,1871,Wyeast Forbidden Fruit (3463),
yeast,Yeast,1872,Wyeast French Saison (3711),
yeast,Yeast,1873,Wyeast German Ale (1007),
yeast,Yeast,1874,Wyeast German Wheat (3333),
yeast,Yeast,1875,Wyeast GF American Ale II (1272),
yeast,Yeast,1876,Wyeast GF Bavarian Lager (2206),
yeast,Yeast,1877,Wyeast Greenbelt,
yeast,Yeast,1878,Wyeast Headwaters Ale (1000),
yeast,Yeast,1879,Wyeast Hella Bock (2487),
yeast,Yeast,1880,Wyeast Imperial Blend (9093),
yeast,Yeast,1881,Wyeast Irish Ale (1084),
yeast,Yeast,1882,Wyeast Kolsch (2565),
yeast,Yeast,1883,Wyeast Kolsch II,
yeast,Yeast,1884,Wyeast Kolsch II (2575),
yeast,Yeast,1885,Wyeast Lactobacills (5335),
yeast,Yeast,1886,Wyeast Lactobacillus (5335),
yeast,Yeast,1887,Wyeast Lactobacillus delbruckii (4335),
yeast,Yeast,1888,Wyeast Lager Blend,
yeast,Yeast,1889,Wyeast Leuven Pale Ale (3538),
yeast,Yeast,1890,Wyeast London Ale (1028),
yeast,Yeast,1891,Wyeast London Ale III (1318),
yeast,Yeast,1892,Wyeast London ESB Ale (1968),
yeast,Yeast,1893,Wyeast Munich Lager (2308),
yeast,Yeast,1894,Wyeast NB NeoBritannia,
yeast,Yeast,1895,Wyeast Northwest Ale (1332),
yeast,Yeast,1896,Wyeast Octoberfest Lager Blend (2633),
yeast,Yeast,1897,Wyeast Old Ale Blend (9097),
yeast,Yeast,1898,Wyeast PacMan,
yeast,Yeast,1899,Wyeast Pediococcus 5733,
yeast,Yeast,1900,Wyeast Pilsen Lager (2007),
yeast,Yeast,1901,Wyeast Ringwood Ale (1187),
yeast,Yeast,1902,Wyeast Roselare Blend (3763),
yeast,Yeast,1903,Wyeast Rudesheimer (4783),
yeast,Yeast,1904,Wyeast Sake (4134),
yeast,Yeast,1905,Wyeast Scottish Ale (1728),
yeast,Yeast,1906,Wyeast Thames Valley Ale (1275),
yeast,Yeast,1907,Wyeast Trappist High Gravity (3787),
yeast,Yeast,1908,Wyeast Urquell Lager (2001),
yeast,Yeast,1909,Wyeast Weihenstephan Weizen (3068),
yeast,Yeast,1910,Wyeast West Yorkshire (seasonal) (1469),
yeast,Yeast,1911,Wyeast Whitbread Ale (1099),
yeast,Yeast,1912,Wyeast-Rogue Pacman (1764),
yeast,Yeast,1913,Zurich Lager,
yeast,Yeast,1914,Zymoferm Z039 Belgische Klosterbiere u. Ales,
yeast,Yeast,1915,Zymoferm Z041 Weissbier III Typ Bestfrau,
malt,"Malts, Grains & Fermentables",1916,Caramel/Crystal Malt - Organic,
malt,"Malts, Grains & Fermentables",1917,Wheat Malt - Organic,
hop,Hops,1918,Hallertauer Herkules,
misc,Miscellaneous,1919,Carob,
malt,"Malts, Grains & Fermentables",1920,Maris Otter,
malt,"Malts, Grains & Fermentables",1922,Two-Row Pale Malt,
malt,"Malts, Grains & Fermentables",1924,CaraMunich,
malt,"Malts, Grains & Fermentables",1925,Beechwood Smoked,
misc,Miscellaneous,1927,Pear Juice,
malt,"Malts, Grains & Fermentables",1928,Pilsner Malt - Organic,
malt,"Malts, Grains & Fermentables",1930,Barley - Roasted/De-husked,
malt,"Malts, Grains & Fermentables",1931,Pale Malt - Halcyon,
hop,Hops,1933,Styrian Bobeks,
malt,"Malts, Grains & Fermentables",1934,Caramel/Crystal Malt 85L,
malt,"Malts, Grains & Fermentables",1935,Rauchmalz,
malt,"Malts, Grains & Fermentables",1936,Midnight Wheat,
malt,"Malts, Grains & Fermentables",1938,Metcalfe,
yeast,Yeast,1940,Samuel Adams lager yeast,
misc,Miscellaneous,1941,Orange Peel,
hop,Hops,1942,CTZ,
malt,"Malts, Grains & Fermentables",1943,Oats - Toasted,
malt,"Malts, Grains & Fermentables",1944,Kiln Amber,
malt,"Malts, Grains & Fermentables",1945,Hugh Baird Pale Ale Malt,
hop,Hops,1946,Alchemy,
malt,"Malts, Grains & Fermentables",1947,Barley - Malted,
hop,Hops,1948,Zythos,
malt,"Malts, Grains & Fermentables",1949,Malto Franco-Belge Pils Malt,
malt,"Malts, Grains & Fermentables",1950,Two-Row Barley Malt,
misc,Miscellaneous,1951,Black Walnuts,
misc,Miscellaneous,1952,Pecans,
misc,Miscellaneous,1953,Chocolate,
misc,Miscellaneous,1954,Citrus Peel,
malt,"Malts, Grains & Fermentables",1955,Black Patent,
malt,"Malts, Grains & Fermentables",1956,Canada 2-Row Silo,
hop,Hops,1957,Aramis,
malt,"Malts, Grains & Fermentables",1958,Asheburne Mild Malt,
malt,"Malts, Grains & Fermentables",1959,Carolina Rye Malt,
hop,Hops,1960,Athanum,
malt,"Malts, Grains & Fermentables",1961,Caramel/Crystal Malt 300L,
misc,Miscellaneous,1962,Candi Syrup - Dark,
malt,"Malts, Grains & Fermentables",1963,Sugar - Dark,
misc,Miscellaneous,1964,Sugar - Dark,
misc,Miscellaneous,1965,Chocolate - Flavoring (Natural),
malt,"Malts, Grains & Fermentables",1966,Crisp 77,
hop,Hops,1967,Yakima Willamette,
misc,Miscellaneous,1968,Peanut Butter,
misc,Miscellaneous,1969,Peanuts - Boiled,
hop,Hops,1970,Cobb,
misc,Miscellaneous,1971,Blackberry Juice,
hop,Hops,1972,Mosaic,
malt,"Malts, Grains & Fermentables",1973,Blue Corn,
malt,"Malts, Grains & Fermentables",1974,Blue Agave Nectar,
malt,"Malts, Grains & Fermentables",1975,Chit Malt,
hop,Hops,1976,#06300,
malt,"Malts, Grains & Fermentables",1977,Malted Rye,
malt,"Malts, Grains & Fermentables",1978,Rahr Special Pale,
malt,"Malts, Grains & Fermentables",1979,Wyermann Vienna,
misc,Miscellaneous,1980,Curacao,
hop,Hops,1981,Meridian,
malt,"Malts, Grains & Fermentables",1982,Crisp 120,
malt,"Malts, Grains & Fermentables",1983,Cara Malt,
malt,"Malts, Grains & Fermentables",1984,Lager Malt,
malt,"Malts, Grains & Fermentables",1985,Roast Malt,
malt,"Malts, Grains & Fermentables",1986,Gladfield Pale,
malt,"Malts, Grains & Fermentables",1987,Bamberg Smoked Malt,
malt,"Malts, Grains & Fermentables",1988,Carafa Special,
